poiCity, poiName, poiId, olon, olat, lon, lat, url, poiUrl, poiSource, poiComment, poiPrice, poiAddress
铜川,倾听雨落西饼店,4147737,108.94293,34.907467,108.9382319,34.9085509,http://tc.meituan.com/meishi/c11b4271/,http://www.meituan.com/meishi/4147737/,5,1434条评论,人均￥20,耀州区金谟商铺14号楼
铜川,艺华蛋糕屋,41742622,108.949213,34.901238,108.9444982,34.9023179,http://tc.meituan.com/meishi/c11b4271/,http://www.meituan.com/meishi/41742622/,5,450条评论,人均￥10,耀州区铁诺南路长丰市场西南门（蓝月亮网吧北侧巷子内进20米）
铜川,Cake王爵烘焙工坊,111868547,108.978569,34.916984,108.9737505,34.9179779,http://tc.meituan.com/meishi/c11b4271/,http://www.meituan.com/meishi/111868547/,5,320条评论,人均￥1,耀州区步寿路与药王路交叉口向北80米路东（锦都电器，鑫华洗浴旁边）
铜川,上岛咖啡（新区店）,5074893,108.947864,34.895811,108.9431535,34.8968992,http://tc.meituan.com/meishi/c11b4271/,http://www.meituan.com/meishi/5074893/,3.4,2403条评论,人均￥35,耀州区正阳路阳光大厦2楼
铜川,安旗西点,6674702,108.949919,34.896188,108.9452025,34.897272,http://tc.meituan.com/meishi/c11b4271/,http://www.meituan.com/meishi/6674702/,4,4238条评论,人均￥19,耀州区长虹南路新时代广场
铜川,红利来蛋糕房,52885761,108.98189,34.91593,108.9770582,34.9169158,http://tc.meituan.com/meishi/c11b4271/,http://www.meituan.com/meishi/52885761/,5,37条评论,人均￥2,耀州区药王路与铁牛路交叉口旁（菜市场东门）
铜川,克拉芭瑞（新区店）,4295599,108.945645,34.903829,108.94094,34.9049124,http://tc.meituan.com/meishi/c11b4271/,http://www.meituan.com/meishi/4295599/,4.2,1051条评论,人均 -,耀州区新区华原东道龙凤城B座第九街区（品味成都隔壁）
铜川,遇见维纳斯,163293701,108.957204,34.897661,108.9524649,34.8987288,http://tc.meituan.com/meishi/c11b4271/,http://www.meituan.com/meishi/163293701/,3.5,0条评论,人均￥20,耀州区新区天籁小区9号楼10104号
铜川,米旗蛋糕（大耀城店）,158877025,108.948328,34.896986,108.9436161,34.8980721,http://tc.meituan.com/meishi/c11b4271/,http://www.meituan.com/meishi/158877025/,3.5,131条评论,人均￥34,耀州区正阳路与长虹南路交汇处大耀城一层
铜川,南泉雪花糖（北大街）,42880166,108.979416,34.9149,108.9745943,34.9158938,http://tc.meituan.com/meishi/c11b4271/,http://www.meituan.com/meishi/42880166/,4.6,30条评论,人均 -,耀州区永安北路华原商城一楼门面（鼎尚超市斜对面）
铜川,天天纯净水,42969594,108.971671,34.916933,108.9668793,34.9179453,http://tc.meituan.com/meishi/c11b4271/,http://www.meituan.com/meishi/42969594/,3.4,119条评论,人均￥10,耀州区耀州路北段42号
铜川,唛子私人订制高端蛋糕,93710157,108.979319,34.912361,108.9744979,34.9133579,http://tc.meituan.com/meishi/c11b4271/,http://www.meituan.com/meishi/93710157/,5,129条评论,人均￥8,耀州区学古路文庙街口
铜川,瑶瑶冰淇淋（新时代广场店）,4464592,108.949686,34.896511,108.9449702,34.8975951,http://tc.meituan.com/meishi/c11b4271/,http://www.meituan.com/meishi/4464592/,4.3,1210条评论,人均￥7,耀州区新区长虹南路新时代广场心连心超市出口（近绝味）
铜川,香飘飘蛋糕房,41420209,108.950708,34.902017,108.9459887,34.9030932,http://tc.meituan.com/meishi/c11b4271/,http://www.meituan.com/meishi/41420209/,3.8,248条评论,人均￥15,耀州区新区长丰市场
铜川,四季鲜奶站,50177531,108.973808,34.910841,108.9690086,34.9118544,http://tc.meituan.com/meishi/c11b4271/,http://www.meituan.com/meishi/50177531/,4,5条评论,人均￥5,耀州区耀州路北街小学路口南路东
铜川,欧风麦甜,164059350,108.946509,34.903376,108.9418016,34.9044584,http://tc.meituan.com/meishi/c11b4271/,http://www.meituan.com/meishi/164059350/,3,11条评论,人均￥10,耀州区铁诺南路华阳小区临街商铺
铜川,澳泽烘焙,150352262,108.946986,34.888723,108.9422785,34.8898205,http://tc.meituan.com/meishi/c11b4271/,http://www.meituan.com/meishi/150352262/,4,13条评论,人均 -,耀州区新区鸿基路鸿基市场4号（新区医院东20米）
铜川,咪旗蛋糕房,40034044,108.98012,34.912327,108.9752957,34.9133217,http://tc.meituan.com/meishi/c11b4271/,http://www.meituan.com/meishi/40034044/,3.8,109条评论,人均 -,耀州区永安北路怀新巷口华莱士隔壁
铜川,夏诺西餐厅,164472206,108.980646,34.907899,108.9758199,34.9088971,http://tc.meituan.com/meishi/c11b4271/,http://www.meituan.com/meishi/164472206/,3.5,2条评论,人均￥35,耀州区文营东路1号耀州中央广场1层
铜川,米娅蛋糕DIY,6576177,108.949519,34.902152,108.9448032,34.9032303,http://tc.meituan.com/meishi/c11b4271/,http://www.meituan.com/meishi/6576177/,暂无评,0条评论,人均￥10,耀州区金鼎路长丰市场北门
铜川,彭氏脆皮蛋糕（新区店）,64165774,108.941176,34.916704,108.9364816,34.9177806,http://tc.meituan.com/meishi/c11b4271/,http://www.meituan.com/meishi/64165774/,4.2,13条评论,人均￥8,耀州区新区裕丰园北门市场门面房
铜川,体育场大平糖坊,41138562,108.976688,34.911606,108.9718774,34.9126109,http://tc.meituan.com/meishi/c11b4271/,http://www.meituan.com/meishi/41138562/,3,0条评论,人均￥20,耀州区体育场渠岸巷32号（耀州中学对面）
铜川,汪式蜜蜂园,90908026,108.951192,34.902176,108.9464713,34.9032511,http://tc.meituan.com/meishi/c11b4271/,http://www.meituan.com/meishi/90908026/,暂无评,0条评论,人均￥33,耀州区长丰市场东门B座7号
铜川,味之轩蛋糕,170006500,108.950225,34.901557,108.9455072,34.9026346,http://tc.meituan.com/meishi/c11b4271/,http://www.meituan.com/meishi/170006500/,暂无评,0条评论,人均￥5,耀州区新区金鼎路（长丰市场北门巷内）
铜川,上岛咖啡利群店（利群店）,42019362,109.073314,35.07057,109.0681239,35.0711503,http://tc.meituan.com/meishi/c11b4272/,http://www.meituan.com/meishi/42019362/,4.5,702条评论,人均￥43,王益区育才路利群新城小区4号楼三层
铜川,天香蛋糕,6000552,109.074478,35.0691,109.0692854,35.0696804,http://tc.meituan.com/meishi/c11b4272/,http://www.meituan.com/meishi/6000552/,5,392条评论,人均￥23,王益区文化宫斜对面新建巷内100米新风正对面（6路站牌旁边）
铜川,PuFF boX现烤泡芙,165954606,109.07715,35.069519,109.0719516,35.0700956,http://tc.meituan.com/meishi/c11b4272/,http://www.meituan.com/meishi/165954606/,4.6,142条评论,人均￥10,王益区正大步行街口左手边
铜川,安旗西点（华瑞万家店）,6747887,109.06997,35.064191,109.0647884,35.064783,http://tc.meituan.com/meishi/c11b4272/,http://www.meituan.com/meishi/6747887/,4,4256条评论,人均￥19,王益区红旗街9洲国际大厦华润万家1楼
铜川,亿枝多蛋糕,40914111,109.098251,35.0819,109.0930194,35.082448,http://tc.meituan.com/meishi/c11b4272/,http://www.meituan.com/meishi/40914111/,5,187条评论,人均 -,王益区河滨路铜华小区13号楼1号门面房
铜川,祺悦西饼店,6741186,109.081431,35.071439,109.0762239,35.0720088,http://tc.meituan.com/meishi/c11b4272/,http://www.meituan.com/meishi/6741186/,5,297条评论,人均 -,王益区七一路基建公司俱乐部南侧
铜川,麦香村蛋糕店,4139104,109.072528,35.064742,109.0673402,35.0653298,http://tc.meituan.com/meishi/c11b4272/,http://www.meituan.com/meishi/4139104/,4.7,401条评论,人均￥18,王益区红旗街一马路光明巷向里100米
铜川,克拉芭瑞（中心广场店）,91297702,109.074943,35.066902,109.0697495,35.0674842,http://tc.meituan.com/meishi/c11b4272/,http://www.meituan.com/meishi/91297702/,4.1,475条评论,人均￥18,王益区红旗桥红旗小区3号楼1楼2号门面房
铜川,新敏儿烘焙工坊,175502868,109.096873,35.074066,109.0916434,35.074623,http://tc.meituan.com/meishi/c11b4272/,http://www.meituan.com/meishi/175502868/,3.5,2条评论,人均￥3,王益区大同路振兴2号门面房1-104号（近铜川市第三中学）
铜川,顶好蛋糕房,42461348,109.068126,35.06332,109.0629491,35.0639158,http://tc.meituan.com/meishi/c11b4272/,http://www.meituan.com/meishi/42461348/,5,46条评论,人均￥30,王益区红旗街市二中旁边门面房
铜川,康利来蛋糕店,42085255,109.100834,35.081003,109.0956002,35.0815515,http://tc.meituan.com/meishi/c11b4272/,http://www.meituan.com/meishi/42085255/,4,23条评论,人均￥5,王益区金华路步行街中段
铜川,柠檬萌饮品店,179470560,109.068605,35.063576,109.0634269,35.0641708,http://tc.meituan.com/meishi/c11b4272/,http://www.meituan.com/meishi/179470560/,3.5,6条评论,人均 -,王益区红旗街39号房屋
铜川,孟欣私房烘焙,91207582,109.0943,35.07853,109.0890728,35.079083,http://tc.meituan.com/meishi/c11b4272/,http://www.meituan.com/meishi/91207582/,4.5,51条评论,人均￥10,王益区王益乡卫生院（五一路西）
铜川,宝密工坊,174845520,109.096799,35.080541,109.0915689,35.0810909,http://tc.meituan.com/meishi/c11b4272/,http://www.meituan.com/meishi/174845520/,暂无评,0条评论,人均 -,王益区五一路铁运公司隔壁
铜川,小茉家亲子主题餐厅,164189620,109.073668,35.067514,109.0684773,35.0680972,http://tc.meituan.com/meishi/c11b4272/,http://www.meituan.com/meishi/164189620/,3.5,2条评论,人均￥32,王益区中心广场B3
铜川,安旗蛋糕（北关店）,4594838,109.10221,35.10768,109.0969727,35.1081992,http://tc.meituan.com/meishi/c11b4273/,http://www.meituan.com/meishi/4594838/,3.8,1107条评论,人均￥19,印台区济阳路市一中对面马钢厂一楼
铜川,唯爱西点,5926346,109.101057,35.110254,109.0958204,35.1107705,http://tc.meituan.com/meishi/c11b4273/,http://www.meituan.com/meishi/5926346/,4.6,184条评论,人均 -,印台区同官路与北关东街路交口向内10米处
铜川,上海蛋糕房,50611378,109.10126,35.110691,109.0960232,35.111207,http://tc.meituan.com/meishi/c11b4273/,http://www.meituan.com/meishi/50611378/,4.6,22条评论,人均 -,印台区北关桥头家属院门面房
铜川,梅朵diy烘焙坊,90441381,109.099555,35.114426,109.0943192,35.1149382,http://tc.meituan.com/meishi/c11b4273/,http://www.meituan.com/meishi/90441381/,5,30条评论,人均 -,印台区同宜路区政府对面高层馨安佳苑18楼
铜川,香满园乡饼屋,6396643,109.099771,35.113079,109.0945352,35.1135926,http://tc.meituan.com/meishi/c11b4273/,http://www.meituan.com/meishi/6396643/,3.6,89条评论,人均￥23,印台区铜官路公安局交通警查支队高速公路大队以南约60米路西
铜川,香百利西饼屋,66472721,109.11486,35.39333,109.1095917,35.3935712,http://tc.meituan.com/meishi/c11b4274/,http://www.meituan.com/meishi/66472721/,4.4,32条评论,人均￥15,宜君县宜阳南街永兴建筑公司大门旁
铜川,麦香缘西饼屋,97729270,109.117647,35.399061,109.1123782,35.3992989,http://tc.meituan.com/meishi/c11b4274/,http://www.meituan.com/meishi/97729270/,3,2条评论,人均 -,宜君县宜阳中街县政府对面（老重庆石锅鱼楼下）
铜川,爱冰妮,93976084,109.119218,35.402814,109.113949,35.4030497,http://tc.meituan.com/meishi/c11b4274/,http://www.meituan.com/meishi/93976084/,暂无评,0条评论,人均￥6,宜君县宜阳街一中操场对面（宜君广电局旁）
铜川,90后主题火锅,5669946,108.951177,34.892928,108.9464571,34.8940132,http://tc.meituan.com/meishi/c17b4271/,http://www.meituan.com/meishi/5669946/,5,22条评论,人均￥25,耀州区长虹南路秦岭小区西门13号
铜川,花谷·臻牛潮汕牛肉火锅,160557808,108.948536,34.896976,108.9438235,34.8980618,http://tc.meituan.com/meishi/c17b4271/,http://www.meituan.com/meishi/160557808/,4.2,273条评论,人均￥82,耀州区正阳路大耀城四楼
铜川,尚品纸包鱼,177607922,108.97697,34.905649,108.9721588,34.9066596,http://tc.meituan.com/meishi/c17b4271/,http://www.meituan.com/meishi/177607922/,暂无评,0条评论,人均 -,耀州区兴盛街兴盛小区便民服务大厅对面
铜川,鑫太辣串串香,171091388,108.932333,34.903197,108.9276598,34.9043003,http://tc.meituan.com/meishi/c17b4271/,http://www.meituan.com/meishi/171091388/,暂无评,0条评论,人均￥20,耀州区咸丰西路2号
铜川,虾吃虾涮虾火锅,95726306,108.982353,34.916712,108.9775193,34.9176956,http://tc.meituan.com/meishi/c17b4271/,http://www.meituan.com/meishi/95726306/,4.7,706条评论,人均￥40,耀州区药王路永乐城市广场一楼210国道旁
铜川,有拈头成都市井火锅（耀州店）,189665524,108.947208,34.90487,108.9424986,34.9059495,http://tc.meituan.com/meishi/c17b4271/,http://www.meituan.com/meishi/189665524/,3.3,6条评论,人均 -,耀州区华原东道龙记新都会北门
铜川,渔歌活鱼现烤,155927979,108.948932,34.897197,108.9442183,34.8982818,http://tc.meituan.com/meishi/c17b4271/,http://www.meituan.com/meishi/155927979/,3.1,6条评论,人均￥50,耀州区正阳路大耀城4F
铜川,万达源铜锅酸菜涮羊肉,166580075,108.94979,34.911959,108.9450726,34.913026,http://tc.meituan.com/meishi/c17b4271/,http://www.meituan.com/meishi/166580075/,暂无评,0条评论,人均￥30,耀州区咸丰路长丰尚层小区东门左侧第二家
铜川,巨划算火锅,182523598,108.952568,34.892327,108.947844,34.8934101,http://tc.meituan.com/meishi/c17b4271/,http://www.meituan.com/meishi/182523598/,3,4条评论,人均 -,耀州区秦岭小区南门往西高层楼下10007号
铜川,川正幺麻子串串香（咸丰东路店）,169486297,108.942643,34.909449,108.9379454,34.9105312,http://tc.meituan.com/meishi/c17b4271/,http://www.meituan.com/meishi/169486297/,3.5,1条评论,人均￥35,耀州区咸丰东路供电局对面
铜川,照金宾馆中餐厅,160577868,108.635561,35.05906,108.6310202,35.0599888,http://tc.meituan.com/meishi/c17b4271/,http://www.meituan.com/meishi/160577868/,3.5,6条评论,人均￥45,耀州区旬耀路照金红色旅游名镇北段照金医院对面
铜川,钢管厂小郡肝串串香,175130835,108.946545,34.904648,108.9418374,34.9057289,http://tc.meituan.com/meishi/c17b4271/,http://www.meituan.com/meishi/175130835/,3.5,4条评论,人均￥40,耀州区华原东道龙记新都会北门商铺
铜川,少帅鱼莊,159845510,108.974748,34.920245,108.9699442,34.9212456,http://tc.meituan.com/meishi/c17b4271/,http://www.meituan.com/meishi/159845510/,暂无评,0条评论,人均￥32,耀州区华原路与香山路交汇处向西5米路南
铜川,和仙坊纸包鱼,165655493,108.976582,34.91885,108.9717712,34.9198472,http://tc.meituan.com/meishi/c17b4271/,http://www.meituan.com/meishi/165655493/,暂无评,0条评论,人均￥40,耀州区柳公路北街村委会旁（华原幼儿园东）
铜川,老东桥大灶台,118263696,108.988999,34.911636,108.9841382,34.9126061,http://tc.meituan.com/meishi/c17b4271/,http://www.meituan.com/meishi/118263696/,暂无评,0条评论,人均￥40,耀州区药王大道东桥头
铜川,杨福记冒菜（新区店）,40107634,108.951348,34.902702,108.9466268,34.9037762,http://tc.meituan.com/meishi/c17b4271/,http://www.meituan.com/meishi/40107634/,3.6,13条评论,人均 -,耀州区新区长丰南路长丰市场3楼小吃城
铜川,十八城门老串串（柳公路店）,150588199,108.972811,34.918106,108.9680149,34.9191141,http://tc.meituan.com/meishi/c17b4271/,http://www.meituan.com/meishi/150588199/,3.5,13条评论,人均￥25,耀州区天宝路与柳公路十字向西100米（民生十字向西100米路北）
铜川,渝州老灶花串串,177779166,108.972208,34.916029,108.9674143,34.9170409,http://tc.meituan.com/meishi/c17b4271/,http://www.meituan.com/meishi/177779166/,3.5,3条评论,人均 -,耀州区天宝路街道办事处天宝滩社区耀州路北段20号
铜川,老重庆纸包鱼,166996080,108.947471,34.905231,108.9427608,34.9063097,http://tc.meituan.com/meishi/c17b4271/,http://www.meituan.com/meishi/166996080/,3.5,6条评论,人均￥35,耀州区耀州区华原东道
铜川,七号龙虾店,157362104,108.9233,34.881233,108.9186448,34.8823689,http://tc.meituan.com/meishi/c17b4271/,http://www.meituan.com/meishi/157362104/,3.5,135条评论,人均￥50,耀州区新区龙记学府城20号
铜川,巴河渔府,162125370,108.93497,34.89244,108.9302921,34.8935518,http://tc.meituan.com/meishi/c17b4271/,http://www.meituan.com/meishi/162125370/,3.4,210条评论,人均￥50,耀州区斯明街溪水洋房小区南门右侧
铜川,独一味老妈蹄花,184667151,108.944909,34.902939,108.940206,34.9040246,http://tc.meituan.com/meishi/c17b4271/,http://www.meituan.com/meishi/184667151/,暂无评,0条评论,人均￥50,耀州区新区华原东道龙凤佳城B座110商铺
铜川,鸭掌门特色火锅（新区店）,4425892,108.923015,34.880918,108.9183602,34.8820544,http://tc.meituan.com/meishi/c17b4271/,http://www.meituan.com/meishi/4425892/,3,280条评论,人均￥41,耀州区朝阳路龙记学府城南门底商20-117、118号
铜川,孙丽小火锅,6083529,108.942425,34.90925,108.937728,34.9103328,http://tc.meituan.com/meishi/c17b4271/,http://www.meituan.com/meishi/6083529/,3.9,9条评论,人均￥20,耀州区咸丰东路银河酒店对面
铜川,花小姐的火锅店,160423908,108.924206,34.882101,108.9195493,34.8832352,http://tc.meituan.com/meishi/c17b4271/,http://www.meituan.com/meishi/160423908/,5,41条评论,人均￥40,耀州区朝阳路龙记学府城南门东20米2楼
铜川,胖子铜锅涮肉,165026727,108.639869,35.055792,108.6353201,35.0567187,http://tc.meituan.com/meishi/c17b4271/,http://www.meituan.com/meishi/165026727/,3.5,1条评论,人均￥45,耀州区照金镇商业街照金书院酒店对面
铜川,七味源碳烤鱼,169182591,108.946832,34.907998,108.9421234,34.9090748,http://tc.meituan.com/meishi/c17b4271/,http://www.meituan.com/meishi/169182591/,暂无评,0条评论,人均 -,耀州区金谟路铁诺东门108门
铜川,重庆傻儿鱼庄,5646411,108.945714,34.898877,108.9410092,34.8999657,http://tc.meituan.com/meishi/c17b4271/,http://www.meituan.com/meishi/5646411/,4.2,947条评论,人均￥36,耀州区长虹南路华阳小区西门南50米
铜川,涛子鸡公煲,6069571,108.973516,34.90927,108.9687179,34.9102859,http://tc.meituan.com/meishi/c17b4271/,http://www.meituan.com/meishi/6069571/,4.7,146条评论,人均￥30,耀州区锦阳路125号（锦阳路中段，原小布衣对面）
铜川,麻辣江湖主题串串香（新区店）,42134046,108.943015,34.909755,108.9383165,34.9108363,http://tc.meituan.com/meishi/c17b4271/,http://www.meituan.com/meishi/42134046/,4,417条评论,人均￥25,耀州区新区咸丰路银河大酒店对面
铜川,遇见纸包鱼,152140421,108.95065,34.903028,108.9459308,34.9041032,http://tc.meituan.com/meishi/c17b4271/,http://www.meituan.com/meishi/152140421/,4.3,27条评论,人均￥25,耀州区新区长丰南路与金鼎路交汇处向西20米（长丰市场北门万豪酒店斜对面）
铜川,2068香辣虾,96903561,108.923115,34.881105,108.91846,34.8822412,http://tc.meituan.com/meishi/c17b4271/,http://www.meituan.com/meishi/96903561/,4.4,239条评论,人均￥40,耀州区朝阳路龙记学府城公交6路调度室东临B-2
铜川,留下来碳锅鱼火锅（耀州区店）,157162228,108.97315,34.915,108.9683528,34.9160106,http://tc.meituan.com/meishi/c17b4271/,http://www.meituan.com/meishi/157162228/,5,90条评论,人均 -,耀州区药王路76号（与锦阳路十字东20米路南）
铜川,知味轩自助火锅,40133058,108.974257,34.917066,108.9694554,34.9180714,http://tc.meituan.com/meishi/c17b4271/,http://www.meituan.com/meishi/40133058/,3.7,527条评论,人均 -,耀州区天宝路与柳公路交汇处向南50米路东
铜川,渝金记重庆火锅（铜川店）,177837213,108.92389,34.881576,108.9192338,34.882711,http://tc.meituan.com/meishi/c17b4271/,http://www.meituan.com/meishi/177837213/,4.8,23条评论,人均￥60,耀州区朝阳路龙记学府城南门西侧渝金记火锅
铜川,官塘潮汕牛肉养生火锅,160009968,108.92322,34.88124,108.9185649,34.8823759,http://tc.meituan.com/meishi/c17b4271/,http://www.meituan.com/meishi/160009968/,4.3,112条评论,人均￥58,耀州区朝阳路龙记学府城南门底商
铜川,小馋猫纸包鱼,162910229,108.93583,34.89298,108.9311501,34.8940901,http://tc.meituan.com/meishi/c17b4271/,http://www.meituan.com/meishi/162910229/,5,49条评论,人均￥26,耀州区斯明街溪水洋房门面房5号楼109号
铜川,猫赞藤椒钵钵鱼,175154908,108.973899,34.920279,108.9690985,34.9212818,http://tc.meituan.com/meishi/c17b4271/,http://www.meituan.com/meishi/175154908/,4.2,47条评论,人均￥18,耀州区仿古街威尼斯快捷酒店隔壁（县医院向东80米）
铜川,壹串火锅,178745536,108.946149,34.904196,108.9414426,34.9052781,http://tc.meituan.com/meishi/c17b4271/,http://www.meituan.com/meishi/178745536/,3.5,116条评论,人均￥56,耀州区新区正阳街道铁诺南路新都会小区
铜川,御品皇三汁焖锅（一中店）,6085210,108.927083,34.88377,108.9224213,34.8848999,http://tc.meituan.com/meishi/c17b4271/,http://www.meituan.com/meishi/6085210/,4.2,1098条评论,人均￥52,耀州区朝阳西路市一中对面
铜川,巴适馋嘴蛙火锅,163350168,108.973185,34.910904,108.968388,34.911919,http://tc.meituan.com/meishi/c17b4271/,http://www.meituan.com/meishi/163350168/,4,20条评论,人均￥45,耀州区耀州路中段
铜川,重庆大队长红色主题火锅,163480980,108.94529,34.903617,108.9405859,34.9047012,http://tc.meituan.com/meishi/c17b4271/,http://www.meituan.com/meishi/163480980/,3.8,336条评论,人均￥42,耀州区华原东道龙凤佳城B座铁诺南路55号
铜川,李想大虾火锅花园,98351632,108.972181,34.915415,108.9673875,34.9164276,http://tc.meituan.com/meishi/c17b4271/,http://www.meituan.com/meishi/98351632/,4,1627条评论,人均￥48,耀州区耀州路北段6号路西
铜川,焦先生江湖鱼煮,160702866,108.947999,34.897172,108.943288,34.8982585,http://tc.meituan.com/meishi/c17b4271/,http://www.meituan.com/meishi/160702866/,3.3,37条评论,人均￥15,耀州区新区大耀城4楼EF4-7
铜川,李二鲜鱼,165709845,108.950574,34.892855,108.9458559,34.8939414,http://tc.meituan.com/meishi/c17b4271/,http://www.meituan.com/meishi/165709845/,3.7,43条评论,人均￥54,耀州区长虹南路山水雅庭沿街铺面（泰和药房对面）
铜川,根巴适秘制砂罐串串,150346606,108.952477,34.892364,108.9477532,34.8934473,http://tc.meituan.com/meishi/c17b4271/,http://www.meituan.com/meishi/150346606/,4.2,17条评论,人均￥40,耀州区鸿基东路秦岭大厦一楼10007号
铜川,老兵居火锅串串,175258902,108.943819,34.907439,108.9391186,34.9085215,http://tc.meituan.com/meishi/c17b4271/,http://www.meituan.com/meishi/175258902/,4,2条评论,人均￥26,耀州区金谟东路8号（金谟南门旁）
铜川,九倒拐砂锅串串（新区店）,162725655,108.946706,34.904705,108.941998,34.9057856,http://tc.meituan.com/meishi/c17b4271/,http://www.meituan.com/meishi/162725655/,4.2,20条评论,人均￥40,耀州区新区华原东道龙记新都会北门100112号商铺
铜川,灌州老板凳砂锅串串（新区店）,107852655,108.941474,34.885832,108.9367814,34.8869418,http://tc.meituan.com/meishi/c17b4271/,http://www.meituan.com/meishi/107852655/,4.1,13条评论,人均￥23,耀州区鸿基东路龙记国际街区南门
铜川,红房子老火锅,169138283,108.974296,34.90708,108.9694951,34.9080962,http://tc.meituan.com/meishi/c17b4271/,http://www.meituan.com/meishi/169138283/,3.8,33条评论,人均￥35,耀州区锦阳路与文营西路西南角
铜川,小树林烧烤串串火锅,98380839,108.933886,34.90148,108.9292097,34.9025833,http://tc.meituan.com/meishi/c17b4271/,http://www.meituan.com/meishi/98380839/,3.9,5条评论,人均￥15,耀州区金谟西路左岸租车右拐巷子向内200米
铜川,鱼火火烤鱼,164429145,108.974817,34.920611,108.9700129,34.921611,http://tc.meituan.com/meishi/c17b4271/,http://www.meituan.com/meishi/164429145/,4.1,52条评论,人均￥25,耀州区仿古街12号华原路威尼斯快捷酒店斜对面
铜川,中国重庆老味火锅（苹果店）,41531917,109.101876,35.09232,109.0966404,35.092856,http://tc.meituan.com/meishi/c17b4272/,http://www.meituan.com/meishi/41531917/,5,2824条评论,人均￥51,王益区三里洞15号（近三里洞供电局）
铜川,留下来碳锅鱼火锅（小河沟店）,50463554,109.078305,35.073464,109.0731038,35.0740349,http://tc.meituan.com/meishi/c17b4272/,http://www.meituan.com/meishi/50463554/,4.5,2818条评论,人均￥29,王益区翠溪路（小河沟里面）2号楼门面房（王益区中心广场）
铜川,波泽串来串去串串香,165608552,109.060949,35.062739,109.0557918,35.0633476,http://tc.meituan.com/meishi/c17b4272/,http://www.meituan.com/meishi/165608552/,3.5,5条评论,人均 -,王益区川口文杰巷步行街出口一楼22号川坝子（川口中行楼后）
铜川,川味江湖休闲串吧,164594482,109.07538,35.06403,109.0701858,35.0646148,http://tc.meituan.com/meishi/c17b4272/,http://www.meituan.com/meishi/164594482/,3,2条评论,人均￥25,王益区铜川南站铁路商店门面房（关中剪刀面隔壁）
铜川,麻辣隔壁串串香,160733321,109.089013,35.07294,109.0837932,35.073502,http://tc.meituan.com/meishi/c17b4272/,http://www.meituan.com/meishi/160733321/,暂无评,0条评论,人均 -,王益区玉华路龙记心河湾
铜川,一七六六八干锅焖锅火锅,175143143,109.091822,35.074502,109.0865982,35.0750606,http://tc.meituan.com/meishi/c17b4272/,http://www.meituan.com/meishi/175143143/,暂无评,0条评论,人均￥33,王益区双龙社区玉华小区门口向北100米
铜川,灶门签串串香,178086702,109.104098,35.081855,109.0988618,35.0824024,http://tc.meituan.com/meishi/c17b4272/,http://www.meituan.com/meishi/178086702/,4.5,9条评论,人均 -,王益区青年路金华步行街斜对面（二马路）
铜川,浓情火锅吧,5152452,109.070667,35.065121,109.0654836,35.065711,http://tc.meituan.com/meishi/c17b4272/,http://www.meituan.com/meishi/5152452/,5,270条评论,人均￥52,王益区铜川饭店旁边往下煤技校巷道
铜川,金多四川小火锅,41144322,109.077898,35.073033,109.0726977,35.0736049,http://tc.meituan.com/meishi/c17b4272/,http://www.meituan.com/meishi/41144322/,4.5,751条评论,人均￥31,王益区翠溪路118号
铜川,杨厨老坛酸菜鱼,184487344,109.074809,35.063307,109.0696161,35.0638933,http://tc.meituan.com/meishi/c17b4272/,http://www.meituan.com/meishi/184487344/,4.4,8条评论,人均 -,王益区光明东巷宜园路25号（东北饺子王对面）
铜川,李想大虾火锅花园,93845356,109.073336,35.068066,109.068146,35.068649,http://tc.meituan.com/meishi/c17b4272/,http://www.meituan.com/meishi/93845356/,3.5,1833条评论,人均￥40,王益区中心广场B座b3-09
铜川,小米私房火锅,153719365,109.099767,35.081081,109.0945341,35.0816296,http://tc.meituan.com/meishi/c17b4272/,http://www.meituan.com/meishi/153719365/,4,10条评论,人均￥30,王益区河滨路桥头向北100米原桥头串串
铜川,金顶鲜胡羊排香辣虾,174922482,109.057793,35.065458,109.0526449,35.0660697,http://tc.meituan.com/meishi/c17b4272/,http://www.meituan.com/meishi/174922482/,3.9,26条评论,人均￥40,王益区王家河南路第一幼儿园向南120米路西
铜川,赫赫酸菜铜锅涮肉,160398498,109.10405,35.082706,109.0988137,35.0832525,http://tc.meituan.com/meishi/c17b4272/,http://www.meituan.com/meishi/160398498/,4.5,82条评论,人均￥52,王益区青年路二马路老科沟口金华步行街斜对面
铜川,俺婆串串香（华天广场店）,5831088,109.072974,35.067652,109.0677849,35.0682359,http://tc.meituan.com/meishi/c17b4272/,http://www.meituan.com/meishi/5831088/,3.5,2152条评论,人均￥44,王益区红旗街华天广场A座三楼
铜川,肖卫峰灌县老妈砂锅串串,178996982,109.07331,35.067821,109.0681201,35.0684043,http://tc.meituan.com/meishi/c17b4272/,http://www.meituan.com/meishi/178996982/,5,37条评论,人均￥40,王益区红旗街华天广场B座三楼12号
铜川,钢管厂小郡肝串串（铜川总店）,169468835,109.077358,35.070147,109.0721591,35.0707227,http://tc.meituan.com/meishi/c17b4272/,http://www.meituan.com/meishi/169468835/,暂无评,1条评论,人均￥30,王益区红旗街苗圃路5号（正大电信营业厅旁上坡10米）
铜川,渝窑砂锅串串香,152711334,109.072684,35.067661,109.0674956,35.0682453,http://tc.meituan.com/meishi/c17b4272/,http://www.meituan.com/meishi/152711334/,5,44条评论,人均 -,王益区华天广场三楼
铜川,天福顺炭烤鱼,111421125,109.061341,35.061911,109.0561827,35.0625198,http://tc.meituan.com/meishi/c17b4272/,http://www.meituan.com/meishi/111421125/,4.9,51条评论,人均￥33,王益区川口转盘中石油加油站铁道西侧文杰巷美食街3号楼21号
铜川,一笔一划休闲串串吧,113403896,109.092664,35.074935,109.0874391,35.0754927,http://tc.meituan.com/meishi/c17b4272/,http://www.meituan.com/meishi/113403896/,3.5,2条评论,人均￥33,王益区玉华路中石油加油站向北300米路东蓝色精灵网吧隔壁
铜川,红焖羊肉（老字号）,4868044,109.09222,35.07552,109.0869956,35.0760773,http://tc.meituan.com/meishi/c17b4272/,http://www.meituan.com/meishi/4868044/,4,91条评论,人均￥20,王益区一路大同桥口（御指天堂对面）
铜川,小范自助餐,4263852,109.071712,35.06545,109.0665261,35.0660381,http://tc.meituan.com/meishi/c17b4272/,http://www.meituan.com/meishi/4263852/,3.4,3285条评论,人均￥36,王益区红旗街一马路光明巷对面（原中国餐馆）
铜川,老院子铜锅涮羊肉,41850715,109.10462,35.089506,109.0993828,35.0900451,http://tc.meituan.com/meishi/c17b4272/,http://www.meituan.com/meishi/41850715/,4.9,40条评论,人均￥30,王益区三里洞兴南路芳草站牌斜对面
铜川,川口石锅鱼,42297649,109.058326,35.064756,109.0531764,35.0653674,http://tc.meituan.com/meishi/c17b4272/,http://www.meituan.com/meishi/42297649/,4.3,315条评论,人均 -,王益区川口烟草公司向王家河方向过桥100米（王家河南路环境保护研究所北行有约100米）
铜川,有一间干锅鸭串串香,158919943,109.093009,35.07504,109.0877837,35.0755974,http://tc.meituan.com/meishi/c17b4272/,http://www.meituan.com/meishi/158919943/,4,12条评论,人均 -,王益区玉华路2号交通运输局隔壁
铜川,重庆黑豆花鱼,51425204,109.085514,35.070907,109.0802998,35.0714738,http://tc.meituan.com/meishi/c17b4272/,http://www.meituan.com/meishi/51425204/,3.7,85条评论,人均￥26,王益区公园路桥头
铜川,杨记京味涮肉,158700030,109.079028,35.082447,109.0738246,35.0830072,http://tc.meituan.com/meishi/c17b4272/,http://www.meituan.com/meishi/158700030/,3.5,7条评论,人均 -,王益区翠溪路（小河沟里面）4号楼102号门面房（王益区中心广场）
铜川,福鑫莊水盆开锅羊肉,156701789,109.077925,35.070432,109.0727249,35.0710067,http://tc.meituan.com/meishi/c17b4272/,http://www.meituan.com/meishi/156701789/,4,5条评论,人均 -,王益区红旗街3号文街巷川口步行街4号
铜川,二毛串串,153452885,109.072858,35.067619,109.0676692,35.0682031,http://tc.meituan.com/meishi/c17b4272/,http://www.meituan.com/meishi/153452885/,3.5,4条评论,人均￥27,王益区红旗街华天广场A座3楼
铜川,木辛水水冰煮羊（铜川店）,188468764,109.069443,35.055931,109.0642634,35.0565329,http://tc.meituan.com/meishi/c17b4272/,http://www.meituan.com/meishi/188468764/,3.5,4条评论,人均￥50,王益区桃园街道办事处光明社区宜园路158（王益区二马路火车南站车博士对面）
铜川,大四川火锅店,6229131,109.0672,35.06314,109.0620255,35.0637374,http://tc.meituan.com/meishi/c17b4272/,http://www.meituan.com/meishi/6229131/,3.8,36条评论,人均￥25,王益区红旗街第二中学以西约50米路北
铜川,福润串串香,40687934,109.101747,35.116172,109.0965093,35.116682,http://tc.meituan.com/meishi/c17b4273/,http://www.meituan.com/meishi/40687934/,5,74条评论,人均￥15,印台区唐华二期4号楼4-101号
铜川,焱鱼新派古道烤鱼,155616624,109.099979,35.107266,109.0947435,35.1077859,http://tc.meituan.com/meishi/c17b4273/,http://www.meituan.com/meishi/155616624/,5,97条评论,人均 -,印台区济阳路1号中羿首府一楼商铺（城关派出所）
铜川,狼人部落砂锅串串,169135289,109.100441,35.10059,109.0952057,35.1011171,http://tc.meituan.com/meishi/c17b4273/,http://www.meituan.com/meishi/169135289/,4.7,23条评论,人均￥30,印台区延安路15号金鼎阳光洗浴对面
铜川,羊莊胡同酸菜铜锅涮羊肉（延安路店）,163475383,109.100182,35.100039,109.094947,35.1005668,http://tc.meituan.com/meishi/c17b4273/,http://www.meituan.com/meishi/163475383/,4.6,91条评论,人均￥30,印台区延安路惠民佳苑楼下南边第一家（信合正对面）
铜川,茗鱻鱼府,41875320,109.101924,35.109687,109.0966868,35.1102041,http://tc.meituan.com/meishi/c17b4273/,http://www.meituan.com/meishi/41875320/,4.5,111条评论,人均￥18,印台区同官路美食街1路站牌旁
铜川,李想大虾,163464199,109.101579,35.102944,109.0963426,35.1034684,http://tc.meituan.com/meishi/c17b4273/,http://www.meituan.com/meishi/163464199/,3.4,60条评论,人均￥35,印台区南关曙光建材城南侧
铜川,三味鲜鱼火锅,165265875,109.101101,35.103113,109.095865,35.1036373,http://tc.meituan.com/meishi/c17b4273/,http://www.meituan.com/meishi/165265875/,3.1,8条评论,人均￥35,印台区延安路南关曙光建材城对面
铜川,兜来串火锅,163378744,109.100073,35.107262,109.0948374,35.1077819,http://tc.meituan.com/meishi/c17b4273/,http://www.meituan.com/meishi/163378744/,3.5,3条评论,人均￥30,印台区济阳路中羿首府一楼1002号
铜川,十七门老火锅,189063981,109.099569,35.108113,109.0943338,35.1086321,http://tc.meituan.com/meishi/c17b4273/,http://www.meituan.com/meishi/189063981/,3,0条评论,人均￥50,印台区城关街道南街中羿首府二楼
铜川,三锅演绎干锅火锅串串,177422657,109.101465,35.110769,109.096228,35.1112849,http://tc.meituan.com/meishi/c17b4273/,http://www.meituan.com/meishi/177422657/,暂无评,0条评论,人均￥34,印台区同官路东升楼下
铜川,都来涮串串（宜君店）,166220934,109.114905,35.398826,109.1096362,35.3990626,http://tc.meituan.com/meishi/c17b4274/,http://www.meituan.com/meishi/166220934/,3.5,2条评论,人均 -,宜君县胜达老衔114号
铜川,金汉森南美烤肉（铜川店）,50391180,108.939943,34.89557,108.9352534,34.8966715,http://tc.meituan.com/meishi/c40b4271/,http://www.meituan.com/meishi/50391180/,4.5,1662条评论,人均￥50,耀州区斯正街25号（如家快捷酒店隔壁）
铜川,知味轩自助火锅,40133058,108.974257,34.917066,108.9694554,34.9180714,http://tc.meituan.com/meishi/c40b4271/,http://www.meituan.com/meishi/40133058/,3.7,527条评论,人均 -,耀州区天宝路与柳公路交汇处向南50米路东
铜川,北京亚辰涮烤自助,86584805,109.073963,35.0676,109.0687717,35.0681827,http://tc.meituan.com/meishi/c40b4272/,http://www.meituan.com/meishi/86584805/,3.1,1889条评论,人均￥48,王益区中心广场青雨酒店三楼
铜川,小范自助餐,4263852,109.071712,35.06545,109.0665261,35.0660381,http://tc.meituan.com/meishi/c40b4272/,http://www.meituan.com/meishi/4263852/,3.4,3285条评论,人均￥36,王益区红旗街一马路光明巷对面（原中国餐馆）
铜川,李四牛肉面,80223169,108.954395,34.893432,108.9496652,34.8945103,http://tc.meituan.com/meishi/c36b4271/,http://www.meituan.com/meishi/80223169/,暂无评,0条评论,人均￥30,耀州区秦岭小区南门向东40米
铜川,英雄队长,177478670,108.938487,34.891956,108.9338011,34.8930636,http://tc.meituan.com/meishi/c36b4271/,http://www.meituan.com/meishi/177478670/,暂无评,0条评论,人均￥15,耀州区大耀城四楼美食城1号
铜川,蔡记高汤饸饹,171088447,108.933287,34.905327,108.9286116,34.9064268,http://tc.meituan.com/meishi/c36b4271/,http://www.meituan.com/meishi/171088447/,暂无评,0条评论,人均￥10,耀州区咸丰西路
铜川,喵叔米线店,152575390,108.94695,34.89534,108.9422421,34.8964304,http://tc.meituan.com/meishi/c36b4271/,http://www.meituan.com/meishi/152575390/,5,560条评论,人均￥17,耀州区新区阳光小区BS1栋06号
铜川,丽景食府,40539227,108.64044,35.05543,108.63589,35.0563563,http://tc.meituan.com/meishi/c36b4271/,http://www.meituan.com/meishi/40539227/,3,2条评论,人均￥17,耀州区照金镇商业街3-03号
铜川,杨福记冒菜（新区店）,40107634,108.951348,34.902702,108.9466268,34.9037762,http://tc.meituan.com/meishi/c36b4271/,http://www.meituan.com/meishi/40107634/,3.6,13条评论,人均 -,耀州区新区长丰南路长丰市场3楼小吃城
铜川,岐山臊子面,41387719,108.991499,34.911728,108.9866277,34.9126907,http://tc.meituan.com/meishi/c36b4271/,http://www.meituan.com/meishi/41387719/,3,1条评论,人均￥5,耀州区药王大道水泥厂十字耀水中学对面
铜川,快渔慢渔果蔬凉皮肉夹馍,165704656,108.939567,34.895354,108.9348783,34.8964563,http://tc.meituan.com/meishi/c36b4271/,http://www.meituan.com/meishi/165704656/,3,0条评论,人均￥13,耀州区如家酒店连锁铜川新区市政府斯正店
铜川,七号龙虾店,157362104,108.9233,34.881233,108.9186448,34.8823689,http://tc.meituan.com/meishi/c36b4271/,http://www.meituan.com/meishi/157362104/,3.5,135条评论,人均￥50,耀州区新区龙记学府城20号
铜川,熊爷爷,168882429,108.974161,34.915963,108.9693598,34.9169699,http://tc.meituan.com/meishi/c36b4271/,http://www.meituan.com/meishi/168882429/,暂无评,0条评论,人均￥13,耀州区天宝路与药王路北行80米路西
铜川,于记食必思黄焖鸡米饭,175324357,108.955027,34.894021,108.9502952,34.8950973,http://tc.meituan.com/meishi/c36b4271/,http://www.meituan.com/meishi/175324357/,3.5,4条评论,人均￥15,耀州区铁诺南路秦岭小区东门门面房（广播电视台斜对面）
铜川,滇香园云南过桥米线,163484327,108.949905,34.900884,108.9451882,34.901963,http://tc.meituan.com/meishi/c36b4271/,http://www.meituan.com/meishi/163484327/,3,3条评论,人均￥12,耀州区新区贴诺南路A16号
铜川,老兵居火锅串串,175258902,108.943819,34.907439,108.9391186,34.9085215,http://tc.meituan.com/meishi/c36b4271/,http://www.meituan.com/meishi/175258902/,4,2条评论,人均￥26,耀州区金谟东路8号（金谟南门旁）
铜川,根巴适秘制砂罐串串,150346606,108.952477,34.892364,108.9477532,34.8934473,http://tc.meituan.com/meishi/c36b4271/,http://www.meituan.com/meishi/150346606/,4.2,17条评论,人均￥40,耀州区鸿基东路秦岭大厦一楼10007号
铜川,小树林烧烤串串火锅,98380839,108.933886,34.90148,108.9292097,34.9025833,http://tc.meituan.com/meishi/c36b4271/,http://www.meituan.com/meishi/98380839/,3.9,5条评论,人均￥15,耀州区金谟西路左岸租车右拐巷子向内200米
铜川,夏诺西餐厅,164472206,108.980646,34.907899,108.9758199,34.9088971,http://tc.meituan.com/meishi/c36b4271/,http://www.meituan.com/meishi/164472206/,3.5,2条评论,人均￥35,耀州区文营东路1号耀州中央广场1层
铜川,小鸡哔哔（中央广场店）,182611161,108.980366,34.908419,108.975541,34.9094173,http://tc.meituan.com/meishi/c36b4271/,http://www.meituan.com/meishi/182611161/,3.5,1条评论,人均 -,耀州区永安路中央广场四层
铜川,焦先生江湖鱼煮,160702866,108.947999,34.897172,108.943288,34.8982585,http://tc.meituan.com/meishi/c36b4271/,http://www.meituan.com/meishi/160702866/,3.3,37条评论,人均￥15,耀州区新区大耀城4楼EF4-7
铜川,板尚小哥,169340450,108.946983,34.888782,108.9422755,34.8898795,http://tc.meituan.com/meishi/c36b4271/,http://www.meituan.com/meishi/169340450/,3.5,5条评论,人均￥13,耀州区新区鸿基路便民市场临街商铺5号商铺
铜川,武汉热干面,40302806,108.928568,34.884899,108.9239035,34.8860263,http://tc.meituan.com/meishi/c36b4271/,http://www.meituan.com/meishi/40302806/,4,121条评论,人均￥7,耀州区新区朝阳路樱桃园小区2号楼1楼商铺（新区一中对面）
铜川,帽牌货冒菜,164353088,108.946781,34.895225,108.9420736,34.8963158,http://tc.meituan.com/meishi/c36b4271/,http://www.meituan.com/meishi/164353088/,3.7,17条评论,人均￥20,耀州区正阳路新区新阳光花园北门BS-1-7
铜川,邢老三肉丸糊辣汤,4349885,108.973177,34.910726,108.9683801,34.9117412,http://tc.meituan.com/meishi/c36b4271/,http://www.meituan.com/meishi/4349885/,3.7,91条评论,人均￥6,耀州区锦阳路与学古路交叉口西南角（原渔公渔婆隔壁）
铜川,十八城门老串串（柳公路店）,150588199,108.972811,34.918106,108.9680149,34.9191141,http://tc.meituan.com/meishi/c36b4271/,http://www.meituan.com/meishi/150588199/,3.5,13条评论,人均￥25,耀州区天宝路与柳公路十字向西100米（民生十字向西100米路北）
铜川,四季鲜奶站,50177531,108.973808,34.910841,108.9690086,34.9118544,http://tc.meituan.com/meishi/c36b4271/,http://www.meituan.com/meishi/50177531/,4,5条评论,人均￥5,耀州区耀州路北街小学路口南路东
铜川,老狼大盘鸡,90771852,108.974867,34.920528,108.9700627,34.921528,http://tc.meituan.com/meishi/c36b4271/,http://www.meituan.com/meishi/90771852/,3.8,47条评论,人均￥20,耀州区华原路11号（仿古街）
铜川,心甜栗业（新区店）,42125868,108.940209,34.895535,108.9355187,34.8966362,http://tc.meituan.com/meishi/c36b4271/,http://www.meituan.com/meishi/42125868/,4.1,281条评论,人均￥13,耀州区斯正街枫林小区南门（马记香酥肉夹馍隔壁）
铜川,渝州老灶花串串,177779166,108.972208,34.916029,108.9674143,34.9170409,http://tc.meituan.com/meishi/c36b4271/,http://www.meituan.com/meishi/177779166/,3.5,3条评论,人均 -,耀州区天宝路街道办事处天宝滩社区耀州路北段20号
铜川,朱老三肉丸糊辣汤,93119520,108.956694,34.904422,108.951956,34.9054835,http://tc.meituan.com/meishi/c36b4271/,http://www.meituan.com/meishi/93119520/,5,237条评论,人均￥8,耀州区金鼎路布尔玛国际酒店斜对面
铜川,三原老房家水盆羊肉泡馍,40119092,108.93963,34.895387,108.9349411,34.8964892,http://tc.meituan.com/meishi/c36b4271/,http://www.meituan.com/meishi/40119092/,3.5,175条评论,人均￥25,耀州区斯正街如家酒店旁
铜川,梁记黄焖鸡米饭,98758503,108.974117,34.917934,108.9693159,34.9189388,http://tc.meituan.com/meishi/c36b4271/,http://www.meituan.com/meishi/98758503/,4.7,264条评论,人均￥12,耀州区华原小区（天宝路东）
铜川,三顾香牛羊肉泡馍（耀州店）,5898872,108.97409,34.909353,108.9692897,34.9103673,http://tc.meituan.com/meishi/c36b4271/,http://www.meituan.com/meishi/5898872/,4.3,1658条评论,人均 -,耀州区锦阳路中段路东眼科医院南邻（原小布衣私房菜南邻！）
铜川,永盛岐山面馆,40331353,108.939067,34.89477,108.9343795,34.8958737,http://tc.meituan.com/meishi/c36b4271/,http://www.meituan.com/meishi/40331353/,4.7,265条评论,人均￥8,耀州区斯正街壹来登快捷酒店斜对面
铜川,盆派冒菜（新区店）,5209510,108.944817,34.903373,108.9401142,34.9044583,http://tc.meituan.com/meishi/c36b4271/,http://www.meituan.com/meishi/5209510/,4.2,1937条评论,人均￥29,耀州区新区华原东道龙凤佳城一层（华原东道与铁诺路交叉口西行100米，汉庭酒店西侧）
铜川,袁记腊汁肉夹馍·新快餐（新区市一中店）,99128295,108.930949,34.886582,108.9262799,34.887705,http://tc.meituan.com/meishi/c36b4271/,http://www.meituan.com/meishi/99128295/,4.2,311条评论,人均￥14,耀州区海林御苑1号楼3单元1层18号（新区市一中斜对面）
铜川,迈德思客（银座商业广场店）,6675705,108.945792,34.909564,108.9410861,34.9106409,http://tc.meituan.com/meishi/c36b4271/,http://www.meituan.com/meishi/6675705/,4.6,1961条评论,人均￥18,耀州区长丰北路银座商业广场一楼
铜川,庆和泡馍馆·清真（新区店）,40949810,108.937354,34.902583,108.9326699,34.9036806,http://tc.meituan.com/meishi/c36b4271/,http://www.meituan.com/meishi/40949810/,4.5,635条评论,人均￥25,耀州区金谟西路同仁医院西50米
铜川,左家泡馍馆,41439881,108.974053,34.916446,108.9692522,34.9174526,http://tc.meituan.com/meishi/c36b4271/,http://www.meituan.com/meishi/41439881/,5,152条评论,人均￥25,耀州区天宝路电信局旁巷子北100米路西
铜川,正新鸡排（耀县店）,96983935,108.97955,34.91435,108.9747278,34.915344,http://tc.meituan.com/meishi/c36b4271/,http://www.meituan.com/meishi/96983935/,3.7,2210条评论,人均￥17,耀州区永安北路北新巷口
铜川,正新鸡排（心连心店）,97136354,108.949702,34.896479,108.9449861,34.8975631,http://tc.meituan.com/meishi/c36b4271/,http://www.meituan.com/meishi/97136354/,3.5,386条评论,人均￥14,耀州区心连心超市门口
铜川,木子寿司,158819985,108.947518,34.895592,108.9428085,34.8966811,http://tc.meituan.com/meishi/c36b4271/,http://www.meituan.com/meishi/158819985/,4.2,43条评论,人均￥5,耀州区新区阳光大厦西侧
铜川,山顺岐山面,40988793,108.94912,34.902431,108.9444053,34.9035097,http://tc.meituan.com/meishi/c36b4271/,http://www.meituan.com/meishi/40988793/,5,36条评论,人均￥8,耀州区金鼎路长丰市场新凯悦酒店隔壁
铜川,迈德思客（耀州正大店）,164647666,108.979552,34.912561,108.9747299,34.913557,http://tc.meituan.com/meishi/c36b4271/,http://www.meituan.com/meishi/164647666/,4.3,80条评论,人均￥25,耀州区永安路街道北大街正大商业文化广场一楼131-2号
铜川,廖记棒棒鸡（新区店）,52474552,108.94892,34.895744,108.9442065,34.8968304,http://tc.meituan.com/meishi/c36b4271/,http://www.meituan.com/meishi/52474552/,4.3,197条评论,人均￥15,耀州区新时代广场爱心药店旁边
铜川,董记脖客,6044123,108.944829,34.905513,108.940126,34.9065959,http://tc.meituan.com/meishi/c36b4271/,http://www.meituan.com/meishi/6044123/,5,116条评论,人均￥15,耀州区新区铁诺小区西门
铜川,麻辣江湖主题串串香（新区店）,42134046,108.943015,34.909755,108.9383165,34.9108363,http://tc.meituan.com/meishi/c36b4271/,http://www.meituan.com/meishi/42134046/,4,417条评论,人均￥25,耀州区新区咸丰路银河大酒店对面
铜川,灌州老板凳砂锅串串（新区店）,107852655,108.941474,34.885832,108.9367814,34.8869418,http://tc.meituan.com/meishi/c36b4271/,http://www.meituan.com/meishi/107852655/,4.1,13条评论,人均￥23,耀州区鸿基东路龙记国际街区南门
铜川,猫赞藤椒钵钵鱼,175154908,108.973899,34.920279,108.9690985,34.9212818,http://tc.meituan.com/meishi/c36b4271/,http://www.meituan.com/meishi/175154908/,4.2,47条评论,人均￥18,耀州区仿古街威尼斯快捷酒店隔壁（县医院向东80米）
铜川,缤乐荟咖啡体验餐厅,115238229,108.94399,34.893929,108.9392902,34.895026,http://tc.meituan.com/meishi/c36b4271/,http://www.meituan.com/meishi/115238229/,4.5,70条评论,人均￥56,耀州区正阳路阳光广场戏台西侧中央公元销售部三楼
铜川,赵记小厨,78598980,108.954281,34.895311,108.9495514,34.8963874,http://tc.meituan.com/meishi/c36b4271/,http://www.meituan.com/meishi/78598980/,4.4,86条评论,人均￥15,耀州区铁诺南路电视台北邻
铜川,哈利汉堡薯条,163201314,108.947058,34.895378,108.9423498,34.8964682,http://tc.meituan.com/meishi/c36b4271/,http://www.meituan.com/meishi/163201314/,5,346条评论,人均￥15,耀州区正阳路阳光小区北门面房
铜川,耀州窝窝面,51110460,108.995264,34.91185,108.9903766,34.9128014,http://tc.meituan.com/meishi/c36b4271/,http://www.meituan.com/meishi/51110460/,4.2,91条评论,人均￥22,耀州区药王大道药王山市场门口
铜川,迈德思客（铁诺南路店）,165527000,108.946798,34.90071,108.9420901,34.9017948,http://tc.meituan.com/meishi/c36b4271/,http://www.meituan.com/meishi/165527000/,3.8,97条评论,人均￥13,耀州区铁诺南路华阳小区东北门对面
铜川,汉味黑鸭（新区店）,150031631,108.948458,34.896745,108.9437457,34.8978312,http://tc.meituan.com/meishi/c36b4271/,http://www.meituan.com/meishi/150031631/,3.8,150条评论,人均￥15,耀州区长虹南路大耀城四楼EF4-15
铜川,耀州区麦穗香秘制凉面店,158867648,108.91856,34.987149,108.9139027,34.9881713,http://tc.meituan.com/meishi/c36b4271/,http://www.meituan.com/meishi/158867648/,暂无评,0条评论,人均 -,耀州区石柱镇马咀村箱涂艺术街区20号
铜川,汉味黑鸭（正大店）,40611847,109.07699,35.0695,109.0717919,35.0700768,http://tc.meituan.com/meishi/c36b4272/,http://www.meituan.com/meishi/40611847/,4.9,2046条评论,人均￥19,王益区正大步行街3号
铜川,木子寿司,93698874,109.07733,35.06919,109.0721312,35.0697667,http://tc.meituan.com/meishi/c36b4272/,http://www.meituan.com/meishi/93698874/,5,150条评论,人均￥2,王益区红旗路和正大步行街交叉口向东50米路南
铜川,麻辣隔壁串串香,160733321,109.089013,35.07294,109.0837932,35.073502,http://tc.meituan.com/meishi/c36b4272/,http://www.meituan.com/meishi/160733321/,暂无评,0条评论,人均 -,王益区玉华路龙记心河湾
铜川,陈炉印象,159543533,109.074214,35.064072,109.0690224,35.0646582,http://tc.meituan.com/meishi/c36b4272/,http://www.meituan.com/meishi/159543533/,5,85条评论,人均￥26,王益区光明东巷集贤堤桃园办事处向南200米
铜川,灶门签串串香,178086702,109.104098,35.081855,109.0988618,35.0824024,http://tc.meituan.com/meishi/c36b4272/,http://www.meituan.com/meishi/178086702/,4.5,9条评论,人均 -,王益区青年路金华步行街斜对面（二马路）
铜川,鑫鑫农家乐（煎饼屋）,159435076,109.021707,35.106092,109.0166893,35.1067495,http://tc.meituan.com/meishi/c36b4272/,http://www.meituan.com/meishi/159435076/,暂无评,0条评论,人均 -,王益区王家河乡孙家河村36号
铜川,俺婆串串香（华天广场店）,5831088,109.072974,35.067652,109.0677849,35.0682359,http://tc.meituan.com/meishi/c36b4272/,http://www.meituan.com/meishi/5831088/,3.5,2152条评论,人均￥44,王益区红旗街华天广场A座三楼
铜川,铜川麻辣小龙虾海鲜私房菜,41234637,109.097433,35.081168,109.0922022,35.081717,http://tc.meituan.com/meishi/c36b4272/,http://www.meituan.com/meishi/41234637/,4.9,246条评论,人均￥35,王益区五一路铜华小区门面房（天然气交费旁）
铜川,爱客粥坊,42484559,109.072193,35.067705,109.0670057,35.06829,http://tc.meituan.com/meishi/c36b4272/,http://www.meituan.com/meishi/42484559/,4.7,1751条评论,人均￥10,王益区中心广场后门出口一层
铜川,汉味黑鸭（市二中店）,164662375,109.068293,35.0635,109.0631157,35.0640953,http://tc.meituan.com/meishi/c36b4272/,http://www.meituan.com/meishi/164662375/,3.5,10条评论,人均￥15,王益区红旗街市二中门口向北第5号商铺（酷狗宠物对面）
铜川,肖卫峰灌县老妈砂锅串串,178996982,109.07331,35.067821,109.0681201,35.0684043,http://tc.meituan.com/meishi/c36b4272/,http://www.meituan.com/meishi/178996982/,5,37条评论,人均￥40,王益区红旗街华天广场B座三楼12号
铜川,拿波里披萨店,42228164,109.072129,35.065363,109.0669421,35.0659506,http://tc.meituan.com/meishi/c36b4272/,http://www.meituan.com/meishi/42228164/,4.4,1130条评论,人均 -,王益区红旗街百盛楼头光明巷口109号
铜川,渝窑砂锅串串香,152711334,109.072684,35.067661,109.0674956,35.0682453,http://tc.meituan.com/meishi/c36b4272/,http://www.meituan.com/meishi/152711334/,5,44条评论,人均 -,王益区华天广场三楼
铜川,祥福砂锅,40777137,109.075847,35.067004,109.0706515,35.0675849,http://tc.meituan.com/meishi/c36b4272/,http://www.meituan.com/meishi/40777137/,4.1,7条评论,人均￥8,王益区红旗街8号
铜川,庆和牛羊肉泡馍,40737857,109.094204,35.074907,109.0889773,35.075464,http://tc.meituan.com/meishi/c36b4272/,http://www.meituan.com/meishi/40737857/,3.9,384条评论,人均 -,王益区大同桥新世纪酒店河提旁边
铜川,麻爪爪,42833693,109.07536,35.06812,109.0701655,35.0687003,http://tc.meituan.com/meishi/c36b4272/,http://www.meituan.com/meishi/42833693/,4.8,84条评论,人均￥15,王益区红旗街新风大楼旁（红玫瑰酒店向北20米）
铜川,德克士（铜川店）,2285564,109.072875,35.066683,109.0676862,35.0672681,http://tc.meituan.com/meishi/c36b4272/,http://www.meituan.com/meishi/2285564/,3.8,1160条评论,人均￥20,王益区百货大厦一楼德克士
铜川,明达西安牛羊肉泡馍,42352108,109.075026,35.066788,109.0698324,35.0673702,http://tc.meituan.com/meishi/c36b4272/,http://www.meituan.com/meishi/42352108/,3.7,89条评论,人均￥25,王益区红旗桥桥头
铜川,川味江湖休闲串吧,164594482,109.07538,35.06403,109.0701858,35.0646148,http://tc.meituan.com/meishi/c36b4272/,http://www.meituan.com/meishi/164594482/,3,2条评论,人均￥25,王益区铜川南站铁路商店门面房（关中剪刀面隔壁）
铜川,锦德煎饼店,5408089,109.07465,35.071571,109.0694568,35.0721484,http://tc.meituan.com/meishi/c36b4272/,http://www.meituan.com/meishi/5408089/,4.5,53条评论,人均￥20,王益区利群新城小区（近人仿沟）
铜川,陕西马东海泡馍馆（老区店）,42739063,109.095446,35.074905,109.0902179,35.0754616,http://tc.meituan.com/meishi/c36b4272/,http://www.meituan.com/meishi/42739063/,3.9,339条评论,人均￥25,王益区大同路4号盐业公司旁
铜川,二毛串串,153452885,109.072858,35.067619,109.0676692,35.0682031,http://tc.meituan.com/meishi/c36b4272/,http://www.meituan.com/meishi/153452885/,3.5,4条评论,人均￥27,王益区红旗街华天广场A座3楼
铜川,柠檬萌饮品店,179470560,109.068605,35.063576,109.0634269,35.0641708,http://tc.meituan.com/meishi/c36b4272/,http://www.meituan.com/meishi/179470560/,3.5,6条评论,人均 -,王益区红旗街39号房屋
铜川,一爪天下,165482125,109.075583,35.068363,109.070388,35.0689428,http://tc.meituan.com/meishi/c36b4272/,http://www.meituan.com/meishi/165482125/,3,1条评论,人均￥15,王益区新风商城北侧2号
铜川,喜相逢,52555994,109.09881,35.083015,109.0935777,35.0835617,http://tc.meituan.com/meishi/c36b4272/,http://www.meituan.com/meishi/52555994/,暂无评,0条评论,人均￥36,王益区五一路北公房9号楼南侧原门房
铜川,大掌柜羊肉庄,159859674,109.104053,35.084793,109.0988165,35.0853372,http://tc.meituan.com/meishi/c36b4272/,http://www.meituan.com/meishi/159859674/,3,2条评论,人均￥38,王益区重兴南路与青年路十字向南100米（君诚宾馆南隔壁）
铜川,立红清真小吃,91099712,109.101102,35.080087,109.0958681,35.0806365,http://tc.meituan.com/meishi/c36b4272/,http://www.meituan.com/meishi/91099712/,暂无评,0条评论,人均￥8,王益区青年路清真寺对面巷子口
铜川,泡椒鸭血粉,94273808,109.072233,35.067577,109.0670456,35.068162,http://tc.meituan.com/meishi/c36b4272/,http://www.meituan.com/meishi/94273808/,3.5,1条评论,人均￥5,王益区利民路红旗街道大厦巷向内50米，华丽宾馆旁
铜川,迈德思客（川口店）,164937961,109.05991,35.06219,109.0547559,35.0628012,http://tc.meituan.com/meishi/c36b4272/,http://www.meituan.com/meishi/164937961/,3.1,45条评论,人均￥15,王益区红旗街金茂大厦A座一层
铜川,正新鸡排（同官路店）,102944601,109.10196,35.10784,109.0967229,35.1083591,http://tc.meituan.com/meishi/c36b4273/,http://www.meituan.com/meishi/102944601/,5,401条评论,人均￥14,印台区同官路市一中门面房21号
铜川,福润串串香,40687934,109.101747,35.116172,109.0965093,35.116682,http://tc.meituan.com/meishi/c36b4273/,http://www.meituan.com/meishi/40687934/,5,74条评论,人均￥15,印台区唐华二期4号楼4-101号
铜川,汉味黑鸭,40853287,109.101864,35.107536,109.096627,35.1080554,http://tc.meituan.com/meishi/c36b4273/,http://www.meituan.com/meishi/40853287/,5,258条评论,人均￥10,印台区同官路中段（老区市一中南50米）
铜川,狼人部落砂锅串串,169135289,109.100441,35.10059,109.0952057,35.1011171,http://tc.meituan.com/meishi/c36b4273/,http://www.meituan.com/meishi/169135289/,4.7,23条评论,人均￥30,印台区延安路15号金鼎阳光洗浴对面
铜川,兜来串火锅,163378744,109.100073,35.107262,109.0948374,35.1077819,http://tc.meituan.com/meishi/c36b4273/,http://www.meituan.com/meishi/163378744/,3.5,3条评论,人均￥30,印台区济阳路中羿首府一楼1002号
铜川,陕记老潼关肉夹馍（北关店）,164088974,109.099708,35.109907,109.0944725,35.1104241,http://tc.meituan.com/meishi/c36b4273/,http://www.meituan.com/meishi/164088974/,暂无评,2条评论,人均￥12,印台区南街52号中羿首府商住楼一层商
铜川,恒羴刀削面,165737207,109.100826,35.098228,109.0955906,35.0987577,http://tc.meituan.com/meishi/c36b4273/,http://www.meituan.com/meishi/165737207/,暂无评,3条评论,人均￥15,印台区延安路南关水厂北10米（7路公交站牌对面）
铜川,都来涮串串（宜君店）,166220934,109.114905,35.398826,109.1096362,35.3990626,http://tc.meituan.com/meishi/c36b4274/,http://www.meituan.com/meishi/166220934/,3.5,2条评论,人均 -,宜君县胜达老衔114号
铜川,澄城水盆羊肉,169382962,109.109847,35.399427,109.1045792,35.3996612,http://tc.meituan.com/meishi/c36b4274/,http://www.meituan.com/meishi/169382962/,暂无评,0条评论,人均 -,宜君县胜达老街115号
铜川,广播局压面,81220929,109.119229,35.402808,109.11396,35.4030437,http://tc.meituan.com/meishi/c36b4274/,http://www.meituan.com/meishi/81220929/,暂无评,0条评论,人均￥6,宜君县宜阳街广播局楼底下（一中操场对面）
铜川,木子寿司,158819985,108.947518,34.895592,108.9428085,34.8966811,http://tc.meituan.com/meishi/c28b4271/,http://www.meituan.com/meishi/158819985/,4.2,43条评论,人均￥5,耀州区新区阳光大厦西侧
铜川,一起用餐吧,63262904,108.929749,34.885999,108.9250823,34.8871239,http://tc.meituan.com/meishi/c28b4271/,http://www.meituan.com/meishi/63262904/,4.6,64条评论,人均￥8,耀州区朝阳路樱桃园工商银行向北50米二楼
铜川,木子寿司,93698874,109.07733,35.06919,109.0721312,35.0697667,http://tc.meituan.com/meishi/c28b4272/,http://www.meituan.com/meishi/93698874/,5,150条评论,人均￥2,王益区红旗路和正大步行街交叉口向东50米路南
铜川,北海道寿司店,180046151,109.078139,35.071101,109.0729384,35.0716747,http://tc.meituan.com/meishi/c28b4272/,http://www.meituan.com/meishi/180046151/,5,44条评论,人均 -,王益区红旗街道办事处翠溪社区小河沟城建家属楼1楼2号门面
铜川,烧烤园（大同桥店）,4422959,109.091968,35.074631,109.086744,35.0751894,http://tc.meituan.com/meishi/c28b4272/,http://www.meituan.com/meishi/4422959/,4.2,782条评论,人均￥30,王益区大同桥玉华路双龙社区玉华小区门口北100米
铜川,迈德思客（银座商业广场店）,6675705,108.945792,34.909564,108.9410861,34.9106409,http://tc.meituan.com/meishi/c35b4271/,http://www.meituan.com/meishi/6675705/,4.6,1961条评论,人均￥18,耀州区长丰北路银座商业广场一楼
铜川,缤乐荟咖啡体验餐厅,115238229,108.94399,34.893929,108.9392902,34.895026,http://tc.meituan.com/meishi/c35b4271/,http://www.meituan.com/meishi/115238229/,4.5,70条评论,人均￥56,耀州区正阳路阳光广场戏台西侧中央公元销售部三楼
铜川,迈德思客（耀州正大店）,164647666,108.979552,34.912561,108.9747299,34.913557,http://tc.meituan.com/meishi/c35b4271/,http://www.meituan.com/meishi/164647666/,4.3,80条评论,人均￥25,耀州区永安路街道北大街正大商业文化广场一楼131-2号
铜川,上岛咖啡（新区店）,5074893,108.947864,34.895811,108.9431535,34.8968992,http://tc.meituan.com/meishi/c35b4271/,http://www.meituan.com/meishi/5074893/,3.4,2403条评论,人均￥35,耀州区正阳路阳光大厦2楼
铜川,牛排工厂（大耀城店）,156686387,108.947702,34.896758,108.9429919,34.8978455,http://tc.meituan.com/meishi/c35b4271/,http://www.meituan.com/meishi/156686387/,3.9,243条评论,人均￥72,耀州区新区正阳路与长虹南路交汇处向东10米（大耀城四楼）
铜川,迈德思客（铁诺南路店）,165527000,108.946798,34.90071,108.9420901,34.9017948,http://tc.meituan.com/meishi/c35b4271/,http://www.meituan.com/meishi/165527000/,3.8,97条评论,人均￥13,耀州区铁诺南路华阳小区东北门对面
铜川,丁丁披萨,77372414,108.95982,34.89499,108.9550725,34.8960549,http://tc.meituan.com/meishi/c35b4271/,http://www.meituan.com/meishi/77372414/,5,33条评论,人均￥48,耀州区新区鸿基路与长丰南路交汇处向南50米（领地未来城西门门面房惠风便利店北50米）
铜川,夏诺西餐厅,164472206,108.980646,34.907899,108.9758199,34.9088971,http://tc.meituan.com/meishi/c35b4271/,http://www.meituan.com/meishi/164472206/,3.5,2条评论,人均￥35,耀州区文营东路1号耀州中央广场1层
铜川,克拉拉（老区店）,165515895,109.060603,35.0618,109.0554469,35.0624103,http://tc.meituan.com/meishi/c35b4272/,http://www.meituan.com/meishi/165515895/,5,189条评论,人均￥44,王益区川口路金茂大厦二楼
铜川,上岛咖啡利群店（利群店）,42019362,109.073314,35.07057,109.0681239,35.0711503,http://tc.meituan.com/meishi/c35b4272/,http://www.meituan.com/meishi/42019362/,4.5,702条评论,人均￥43,王益区育才路利群新城小区4号楼三层
铜川,优鲜客披萨店（铜川店）,115497897,109.074439,35.071598,109.0692462,35.0721756,http://tc.meituan.com/meishi/c35b4272/,http://www.meituan.com/meishi/115497897/,5,67条评论,人均￥30,王益区红旗街育才路利群新城2号楼B9门面房
铜川,拿波里披萨店,42228164,109.072129,35.065363,109.0669421,35.0659506,http://tc.meituan.com/meishi/c35b4272/,http://www.meituan.com/meishi/42228164/,4.4,1130条评论,人均 -,王益区红旗街百盛楼头光明巷口109号
铜川,小茉家亲子主题餐厅,164189620,109.073668,35.067514,109.0684773,35.0680972,http://tc.meituan.com/meishi/c35b4272/,http://www.meituan.com/meishi/164189620/,3.5,2条评论,人均￥32,王益区中心广场B3
铜川,品味时光,164956423,109.077941,35.073017,109.0727406,35.0735888,http://tc.meituan.com/meishi/c35b4272/,http://www.meituan.com/meishi/164956423/,3.5,4条评论,人均 -,王益区红旗街翠溪小区2号楼20118（康宁诊所向北40米）
铜川,木木 pizza披萨,162145436,109.102774,35.110271,109.0975361,35.1107874,http://tc.meituan.com/meishi/c35b4273/,http://www.meituan.com/meishi/162145436/,3,5条评论,人均￥20,印台区北关桥头美食街35-36号
铜川,艺华蛋糕屋,41742622,108.949213,34.901238,108.9444982,34.9023179,http://tc.meituan.com/meishi/c395b4271/,http://www.meituan.com/meishi/41742622/,5,450条评论,人均￥10,耀州区铁诺南路长丰市场西南门（蓝月亮网吧北侧巷子内进20米）
铜川,水浒烤肉,175464028,108.951816,34.892542,108.9470942,34.8936264,http://tc.meituan.com/meishi/c395b4271/,http://www.meituan.com/meishi/175464028/,4.7,93条评论,人均￥52,耀州区长虹南路秦岭小区西门向南200米
铜川,渝金记重庆火锅（铜川店）,177837213,108.92389,34.881576,108.9192338,34.882711,http://tc.meituan.com/meishi/c395b4271/,http://www.meituan.com/meishi/177837213/,4.8,23条评论,人均￥60,耀州区朝阳路龙记学府城南门西侧渝金记火锅
铜川,香辣人家川湘菜,4475874,108.97396,34.90762,108.9691603,34.9086365,http://tc.meituan.com/meishi/c395b4271/,http://www.meituan.com/meishi/4475874/,4.8,107条评论,人均￥25,耀州区文营西路和锦阳路交叉口西北角
铜川,正阳国际酒店中餐厅,6670296,108.952454,34.899672,108.9477297,34.9007474,http://tc.meituan.com/meishi/c395b4271/,http://www.meituan.com/meishi/6670296/,3.5,3条评论,人均￥60,耀州区正阳路16号
铜川,李想大虾火锅花园,98351632,108.972181,34.915415,108.9673875,34.9164276,http://tc.meituan.com/meishi/c395b4271/,http://www.meituan.com/meishi/98351632/,4,1627条评论,人均￥48,耀州区耀州路北段6号路西
铜川,金涛陕南私房菜（新区店）,68079954,108.943845,34.907401,108.9391445,34.9084835,http://tc.meituan.com/meishi/c395b4271/,http://www.meituan.com/meishi/68079954/,4.1,130条评论,人均￥35,耀州区金谟路中国银行隔壁
铜川,重庆大队长红色主题火锅,163480980,108.94529,34.903617,108.9405859,34.9047012,http://tc.meituan.com/meishi/c395b4271/,http://www.meituan.com/meishi/163480980/,3.8,336条评论,人均￥42,耀州区华原东道龙凤佳城B座铁诺南路55号
铜川,品味成都,6591675,108.94552,34.90391,108.9408153,34.9049935,http://tc.meituan.com/meishi/c395b4271/,http://www.meituan.com/meishi/6591675/,3.8,351条评论,人均￥48,耀州区华原东道龙凤佳城B座（建行对面）
铜川,渝州老灶花串串,177779166,108.972208,34.916029,108.9674143,34.9170409,http://tc.meituan.com/meishi/c395b4271/,http://www.meituan.com/meishi/177779166/,3.5,3条评论,人均 -,耀州区天宝路街道办事处天宝滩社区耀州路北段20号
铜川,盛禾商务酒店餐饮部,40003906,108.94029,34.894521,108.9355996,34.8956232,http://tc.meituan.com/meishi/c395b4271/,http://www.meituan.com/meishi/40003906/,4.2,27条评论,人均￥25,耀州区斯正街D11号
铜川,印象耀州饭庄,4347516,108.973054,34.911338,108.9682575,34.9123528,http://tc.meituan.com/meishi/c395b4271/,http://www.meituan.com/meishi/4347516/,4.1,376条评论,人均￥31,耀州区锦阳路70号（近湘味居）
铜川,巴河渔府,162125370,108.93497,34.89244,108.9302921,34.8935518,http://tc.meituan.com/meishi/c395b4271/,http://www.meituan.com/meishi/162125370/,3.4,210条评论,人均￥50,耀州区斯明街溪水洋房小区南门右侧
铜川,虾吃虾涮虾火锅,95726306,108.982353,34.916712,108.9775193,34.9176956,http://tc.meituan.com/meishi/c395b4271/,http://www.meituan.com/meishi/95726306/,4.7,706条评论,人均￥40,耀州区药王路永乐城市广场一楼210国道旁
铜川,鸭掌门特色火锅（新区店）,4425892,108.923015,34.880918,108.9183602,34.8820544,http://tc.meituan.com/meishi/c395b4271/,http://www.meituan.com/meishi/4425892/,3,280条评论,人均￥41,耀州区朝阳路龙记学府城南门底商20-117、118号
铜川,独一味老妈蹄花,184667151,108.944909,34.902939,108.940206,34.9040246,http://tc.meituan.com/meishi/c395b4271/,http://www.meituan.com/meishi/184667151/,暂无评,0条评论,人均￥50,耀州区新区华原东道龙凤佳城B座110商铺
铜川,红房子老火锅,169138283,108.974296,34.90708,108.9694951,34.9080962,http://tc.meituan.com/meishi/c395b4271/,http://www.meituan.com/meishi/169138283/,3.8,33条评论,人均￥35,耀州区锦阳路与文营西路西南角
铜川,碳先生时尚烧烤餐厅,164786051,108.925009,34.882984,108.9203509,34.8841166,http://tc.meituan.com/meishi/c395b4271/,http://www.meituan.com/meishi/164786051/,3,63条评论,人均￥35,耀州区朝阳路龙记·学府城门面房
铜川,胖子铜锅涮肉,165026727,108.639869,35.055792,108.6353201,35.0567187,http://tc.meituan.com/meishi/c395b4271/,http://www.meituan.com/meishi/165026727/,3.5,1条评论,人均￥45,耀州区照金镇商业街照金书院酒店对面
铜川,东林鱼庄,52744714,108.995604,34.913823,108.990715,34.9147712,http://tc.meituan.com/meishi/c395b4271/,http://www.meituan.com/meishi/52744714/,暂无评,0条评论,人均￥25,耀州区药王大道水泥厂十字向东300米
铜川,众来兴酒楼,4101445,108.98183,34.91128,108.9769989,34.9122711,http://tc.meituan.com/meishi/c395b4271/,http://www.meituan.com/meishi/4101445/,暂无评,0条评论,人均 -,耀州区解放巷28号
铜川,中国重庆老味火锅（苹果店）,41531917,109.101876,35.09232,109.0966404,35.092856,http://tc.meituan.com/meishi/c395b4272/,http://www.meituan.com/meishi/41531917/,5,2824条评论,人均￥51,王益区三里洞15号（近三里洞供电局）
铜川,浓情火锅吧,5152452,109.070667,35.065121,109.0654836,35.065711,http://tc.meituan.com/meishi/c395b4272/,http://www.meituan.com/meishi/5152452/,5,270条评论,人均￥52,王益区铜川饭店旁边往下煤技校巷道
铜川,天福顺炭烤鱼,111421125,109.061341,35.061911,109.0561827,35.0625198,http://tc.meituan.com/meishi/c395b4272/,http://www.meituan.com/meishi/111421125/,4.9,51条评论,人均￥33,王益区川口转盘中石油加油站铁道西侧文杰巷美食街3号楼21号
铜川,金涛陕南私房菜（老区店）,5878710,109.060612,35.060632,109.0554559,35.0612436,http://tc.meituan.com/meishi/c395b4272/,http://www.meituan.com/meishi/5878710/,4.6,669条评论,人均￥50,王益区川口路铜川矿务局中心医院对面院内（近万源宾馆，农行隔壁）
铜川,金顶鲜胡羊排香辣虾,174922482,109.057793,35.065458,109.0526449,35.0660697,http://tc.meituan.com/meishi/c395b4272/,http://www.meituan.com/meishi/174922482/,3.9,26条评论,人均￥40,王益区王家河南路第一幼儿园向南120米路西
铜川,京府烤鸭,164319001,109.07951,35.069922,109.0743067,35.0704955,http://tc.meituan.com/meishi/c395b4272/,http://www.meituan.com/meishi/164319001/,3.4,15条评论,人均￥35,王益区210国道体育场旁
铜川,寓园宾馆,67558440,109.082474,35.071848,109.077265,35.0724164,http://tc.meituan.com/meishi/c395b4272/,http://www.meituan.com/meishi/67558440/,4.1,311条评论,人均￥30,王益区七一路79号
铜川,柴火山庄,41958534,109.038307,35.105453,109.0332226,35.1060654,http://tc.meituan.com/meishi/c395b4272/,http://www.meituan.com/meishi/41958534/,4.1,21条评论,人均￥30,王益区王家河5路车超林山庄站桥对面
铜川,大四川火锅店,6229131,109.0672,35.06314,109.0620255,35.0637374,http://tc.meituan.com/meishi/c395b4272/,http://www.meituan.com/meishi/6229131/,3.8,36条评论,人均￥25,王益区红旗街第二中学以西约50米路北
铜川,吴振炒菜馆,52521818,109.078112,35.073492,109.0729112,35.0740631,http://tc.meituan.com/meishi/c395b4272/,http://www.meituan.com/meishi/52521818/,3,5条评论,人均￥31,王益区小河沟翠溪路4号楼门面房113号
铜川,喜相逢,52555994,109.09881,35.083015,109.0935777,35.0835617,http://tc.meituan.com/meishi/c395b4272/,http://www.meituan.com/meishi/52555994/,暂无评,0条评论,人均￥36,王益区五一路北公房9号楼南侧原门房
铜川,重庆黑豆花鱼,51425204,109.085514,35.070907,109.0802998,35.0714738,http://tc.meituan.com/meishi/c395b4272/,http://www.meituan.com/meishi/51425204/,3.7,85条评论,人均￥26,王益区公园路桥头
铜川,三锅演绎干锅火锅串串,177422657,109.101465,35.110769,109.096228,35.1112849,http://tc.meituan.com/meishi/c395b4273/,http://www.meituan.com/meishi/177422657/,暂无评,0条评论,人均￥34,印台区同官路东升楼下
铜川,十七门老火锅,189063981,109.099569,35.108113,109.0943338,35.1086321,http://tc.meituan.com/meishi/c395b4273/,http://www.meituan.com/meishi/189063981/,3,0条评论,人均￥50,印台区城关街道南街中羿首府二楼
铜川,三锅演绎干锅火锅串串,177422657,109.101465,35.110769,109.096228,35.1112849,http://tc.meituan.com/meishi/c395b4273/,http://www.meituan.com/meishi/177422657/,暂无评,0条评论,人均￥34,印台区同官路东升楼下
铜川,十七门老火锅,189063981,109.099569,35.108113,109.0943338,35.1086321,http://tc.meituan.com/meishi/c395b4273/,http://www.meituan.com/meishi/189063981/,3,0条评论,人均￥50,印台区城关街道南街中羿首府二楼
铜川,庆和泡馍馆·清真（新区店）,40949810,108.937354,34.902583,108.9326699,34.9036806,http://tc.meituan.com/meishi/c54b4271/,http://www.meituan.com/meishi/40949810/,4.5,635条评论,人均￥25,耀州区金谟西路同仁医院西50米
铜川,水浒烤肉,175464028,108.951816,34.892542,108.9470942,34.8936264,http://tc.meituan.com/meishi/c54b4271/,http://www.meituan.com/meishi/175464028/,4.7,93条评论,人均￥52,耀州区长虹南路秦岭小区西门向南200米
铜川,蠔韵品质烧烤,159263631,108.954861,34.893667,108.9501297,34.894744,http://tc.meituan.com/meishi/c54b4271/,http://www.meituan.com/meishi/159263631/,3.6,17条评论,人均￥35,耀州区铁诺南路与鸿基东路交叉口西南100米
铜川,90后主题火锅,5669946,108.951177,34.892928,108.9464571,34.8940132,http://tc.meituan.com/meishi/c54b4271/,http://www.meituan.com/meishi/5669946/,5,22条评论,人均￥25,耀州区长虹南路秦岭小区西门13号
铜川,品羊阁,6949111,108.940168,34.895672,108.9354778,34.8967731,http://tc.meituan.com/meishi/c54b4271/,http://www.meituan.com/meishi/6949111/,5,2161条评论,人均￥38,耀州区新区斯正街D-4号（如家酒店东侧）
铜川,碳先生时尚烧烤餐厅,164786051,108.925009,34.882984,108.9203509,34.8841166,http://tc.meituan.com/meishi/c54b4271/,http://www.meituan.com/meishi/164786051/,3,63条评论,人均￥35,耀州区朝阳路龙记·学府城门面房
铜川,小唐烤牛肉,158852291,108.969665,34.895688,108.9648826,34.8967287,http://tc.meituan.com/meishi/c54b4271/,http://www.meituan.com/meishi/158852291/,暂无评,0条评论,人均￥40,耀州区东环路丁沟村口内18米
铜川,烧烤园（大同桥店）,4422959,109.091968,35.074631,109.086744,35.0751894,http://tc.meituan.com/meishi/c54b4272/,http://www.meituan.com/meishi/4422959/,4.2,782条评论,人均￥30,王益区大同桥玉华路双龙社区玉华小区门口北100米
铜川,大掌柜羊肉庄,159859674,109.104053,35.084793,109.0988165,35.0853372,http://tc.meituan.com/meishi/c54b4272/,http://www.meituan.com/meishi/159859674/,3,2条评论,人均￥38,王益区重兴南路与青年路十字向南100米（君诚宾馆南隔壁）
铜川,吴振炒菜馆,52521818,109.078112,35.073492,109.0729112,35.0740631,http://tc.meituan.com/meishi/c54b4272/,http://www.meituan.com/meishi/52521818/,3,5条评论,人均￥31,王益区小河沟翠溪路4号楼门面房113号
铜川,蜀国传情,169423902,109.090191,35.073564,109.0849695,35.0741245,http://tc.meituan.com/meishi/c54b4272/,http://www.meituan.com/meishi/169423902/,暂无评,1条评论,人均￥25,王益区玉华路12号玉华小区南起30号
铜川,老东桥大灶台,118263696,108.988999,34.911636,108.9841382,34.9126061,http://tc.meituan.com/meishi/c20003b4271/,http://www.meituan.com/meishi/118263696/,暂无评,0条评论,人均￥40,耀州区药王大道东桥头
铜川,天福顺炭烤鱼,111421125,109.061341,35.061911,109.0561827,35.0625198,http://tc.meituan.com/meishi/c20003b4272/,http://www.meituan.com/meishi/111421125/,4.9,51条评论,人均￥33,王益区川口转盘中石油加油站铁道西侧文杰巷美食街3号楼21号
铜川,祥福砂锅,40777137,109.075847,35.067004,109.0706515,35.0675849,http://tc.meituan.com/meishi/c20003b4272/,http://www.meituan.com/meishi/40777137/,4.1,7条评论,人均￥8,王益区红旗街8号
铜川,销魂烤鱼,97440603,108.944446,34.900288,108.9397445,34.9013773,http://tc.meituan.com/meishi/c55b4271/,http://www.meituan.com/meishi/97440603/,4.7,774条评论,人均￥10,耀州区长虹路街道华阳小区西门门面
铜川,小馋猫纸包鱼,162910229,108.93583,34.89298,108.9311501,34.8940901,http://tc.meituan.com/meishi/c55b4271/,http://www.meituan.com/meishi/162910229/,5,49条评论,人均￥26,耀州区斯明街溪水洋房门面房5号楼109号
铜川,重庆纸包鱼,116821806,108.9422,34.90895,108.9375036,34.9100335,http://tc.meituan.com/meishi/c55b4271/,http://www.meituan.com/meishi/116821806/,5,118条评论,人均￥20,耀州区咸丰东路供电局对面
铜川,香辣人家川湘菜,4475874,108.97396,34.90762,108.9691603,34.9086365,http://tc.meituan.com/meishi/c55b4271/,http://www.meituan.com/meishi/4475874/,4.8,107条评论,人均￥25,耀州区文营西路和锦阳路交叉口西北角
铜川,龙记刘二娃,95378258,108.944572,34.90015,108.9398702,34.9012392,http://tc.meituan.com/meishi/c55b4271/,http://www.meituan.com/meishi/95378258/,5,488条评论,人均￥20,耀州区新区华阳小区西门
铜川,2068香辣虾,96903561,108.923115,34.881105,108.91846,34.8822412,http://tc.meituan.com/meishi/c55b4271/,http://www.meituan.com/meishi/96903561/,4.4,239条评论,人均￥40,耀州区朝阳路龙记学府城公交6路调度室东临B-2
铜川,缤乐荟咖啡体验餐厅,115238229,108.94399,34.893929,108.9392902,34.895026,http://tc.meituan.com/meishi/c55b4271/,http://www.meituan.com/meishi/115238229/,4.5,70条评论,人均￥56,耀州区正阳路阳光广场戏台西侧中央公元销售部三楼
铜川,重庆傻儿鱼庄,5646411,108.945714,34.898877,108.9410092,34.8999657,http://tc.meituan.com/meishi/c55b4271/,http://www.meituan.com/meishi/5646411/,4.2,947条评论,人均￥36,耀州区长虹南路华阳小区西门南50米
铜川,遇见纸包鱼,152140421,108.95065,34.903028,108.9459308,34.9041032,http://tc.meituan.com/meishi/c55b4271/,http://www.meituan.com/meishi/152140421/,4.3,27条评论,人均￥25,耀州区新区长丰南路与金鼎路交汇处向西20米（长丰市场北门万豪酒店斜对面）
铜川,盛禾商务酒店餐饮部,40003906,108.94029,34.894521,108.9355996,34.8956232,http://tc.meituan.com/meishi/c55b4271/,http://www.meituan.com/meishi/40003906/,4.2,27条评论,人均￥25,耀州区斯正街D11号
铜川,李想大虾火锅花园（新区店）,113007160,108.949878,34.893638,108.9451619,34.8947249,http://tc.meituan.com/meishi/c55b4271/,http://www.meituan.com/meishi/113007160/,3.4,570条评论,人均￥40,耀州区长虹南路阳光小区东门向南50米
铜川,正阳国际酒店中餐厅,6670296,108.952454,34.899672,108.9477297,34.9007474,http://tc.meituan.com/meishi/c55b4271/,http://www.meituan.com/meishi/6670296/,3.5,3条评论,人均￥60,耀州区正阳路16号
铜川,辣界王麻辣香锅,157287581,108.952689,34.904685,108.9479636,34.9057544,http://tc.meituan.com/meishi/c55b4271/,http://www.meituan.com/meishi/157287581/,3.8,20条评论,人均 -,耀州区金鼎路与长丰南路交叉口东北150米
铜川,印象耀州饭庄,4347516,108.973054,34.911338,108.9682575,34.9123528,http://tc.meituan.com/meishi/c55b4271/,http://www.meituan.com/meishi/4347516/,4.1,376条评论,人均￥31,耀州区锦阳路70号（近湘味居）
铜川,品味成都,6591675,108.94552,34.90391,108.9408153,34.9049935,http://tc.meituan.com/meishi/c55b4271/,http://www.meituan.com/meishi/6591675/,3.8,351条评论,人均￥48,耀州区华原东道龙凤佳城B座（建行对面）
铜川,鱼火火烤鱼,164429145,108.974817,34.920611,108.9700129,34.921611,http://tc.meituan.com/meishi/c55b4271/,http://www.meituan.com/meishi/164429145/,4.1,52条评论,人均￥25,耀州区仿古街12号华原路威尼斯快捷酒店斜对面
铜川,老重庆纸包鱼,166996080,108.947471,34.905231,108.9427608,34.9063097,http://tc.meituan.com/meishi/c55b4271/,http://www.meituan.com/meishi/166996080/,3.5,6条评论,人均￥35,耀州区耀州区华原东道
铜川,重庆烤鱼,169503861,108.941755,34.886125,108.9370616,34.8872341,http://tc.meituan.com/meishi/c55b4271/,http://www.meituan.com/meishi/169503861/,3,1条评论,人均￥30,耀州区鸿基东路龙城国际街区南门东北60米
铜川,随心味道,165205910,108.953753,34.893436,108.9490252,34.8945156,http://tc.meituan.com/meishi/c55b4271/,http://www.meituan.com/meishi/165205910/,3,4条评论,人均￥31,耀州区鸿基东路秦岭小区南门
铜川,渔歌活鱼现烤,155927979,108.948932,34.897197,108.9442183,34.8982818,http://tc.meituan.com/meishi/c55b4271/,http://www.meituan.com/meishi/155927979/,3.1,6条评论,人均￥50,耀州区正阳路大耀城4F
铜川,二娃巫山纸包鱼,115558834,108.954785,34.893702,108.950054,34.8947792,http://tc.meituan.com/meishi/c55b4271/,http://www.meituan.com/meishi/115558834/,3.1,40条评论,人均￥35,耀州区鸿基路秦岭小区南门
铜川,七味源碳烤鱼,169182591,108.946832,34.907998,108.9421234,34.9090748,http://tc.meituan.com/meishi/c55b4271/,http://www.meituan.com/meishi/169182591/,暂无评,0条评论,人均 -,耀州区金谟路铁诺东门108门
铜川,东林鱼庄,52744714,108.995604,34.913823,108.990715,34.9147712,http://tc.meituan.com/meishi/c55b4271/,http://www.meituan.com/meishi/52744714/,暂无评,0条评论,人均￥25,耀州区药王大道水泥厂十字向东300米
铜川,陈炉印象,159543533,109.074214,35.064072,109.0690224,35.0646582,http://tc.meituan.com/meishi/c55b4272/,http://www.meituan.com/meishi/159543533/,5,85条评论,人均￥26,王益区光明东巷集贤堤桃园办事处向南200米
铜川,天福顺炭烤鱼,111421125,109.061341,35.061911,109.0561827,35.0625198,http://tc.meituan.com/meishi/c55b4272/,http://www.meituan.com/meishi/111421125/,4.9,51条评论,人均￥33,王益区川口转盘中石油加油站铁道西侧文杰巷美食街3号楼21号
铜川,巫山纸包鱼,177986761,109.059374,35.062806,109.0542214,35.0634175,http://tc.meituan.com/meishi/c55b4272/,http://www.meituan.com/meishi/177986761/,4.5,22条评论,人均 -,王益区川口金茂大厦进车道旁门面房
铜川,老地方煲菜馆,2285581,109.08432,35.072851,109.0791076,35.0734166,http://tc.meituan.com/meishi/c55b4272/,http://www.meituan.com/meishi/2285581/,4.4,423条评论,人均￥41,王益区七一路与与公园路交叉口（人民浴池东侧）
铜川,锦德煎饼店,5408089,109.07465,35.071571,109.0694568,35.0721484,http://tc.meituan.com/meishi/c55b4272/,http://www.meituan.com/meishi/5408089/,4.5,53条评论,人均￥20,王益区利群新城小区（近人仿沟）
铜川,寓园宾馆,67558440,109.082474,35.071848,109.077265,35.0724164,http://tc.meituan.com/meishi/c55b4272/,http://www.meituan.com/meishi/67558440/,4.1,311条评论,人均￥30,王益区七一路79号
铜川,柴火山庄,41958534,109.038307,35.105453,109.0332226,35.1060654,http://tc.meituan.com/meishi/c55b4272/,http://www.meituan.com/meishi/41958534/,4.1,21条评论,人均￥30,王益区王家河5路车超林山庄站桥对面
铜川,柒号菜馆,163891084,109.074584,35.071669,109.0693909,35.0722464,http://tc.meituan.com/meishi/c55b4272/,http://www.meituan.com/meishi/163891084/,3.7,18条评论,人均￥25,王益区人防沟协泰巷利群小区1号楼楼下（智能车库对面）
铜川,喜相逢,52555994,109.09881,35.083015,109.0935777,35.0835617,http://tc.meituan.com/meishi/c55b4272/,http://www.meituan.com/meishi/52555994/,暂无评,0条评论,人均￥36,王益区五一路北公房9号楼南侧原门房
铜川,蜀国传情,169423902,109.090191,35.073564,109.0849695,35.0741245,http://tc.meituan.com/meishi/c55b4272/,http://www.meituan.com/meishi/169423902/,暂无评,1条评论,人均￥25,王益区玉华路12号玉华小区南起30号
铜川,焱鱼新派古道烤鱼,155616624,109.099979,35.107266,109.0947435,35.1077859,http://tc.meituan.com/meishi/c55b4273/,http://www.meituan.com/meishi/155616624/,5,97条评论,人均 -,印台区济阳路1号中羿首府一楼商铺（城关派出所）
铜川,香满园乡饼屋,6396643,109.099771,35.113079,109.0945352,35.1135926,http://tc.meituan.com/meishi/c55b4273/,http://www.meituan.com/meishi/6396643/,3.6,89条评论,人均￥23,印台区铜官路公安局交通警查支队高速公路大队以南约60米路西
铜川,炉山陶庄饭店,5443471,109.158929,35.022579,109.1537308,35.0232481,http://tc.meituan.com/meishi/c55b4273/,http://www.meituan.com/meishi/5443471/,3.5,4条评论,人均￥20,印台区陈炉镇幼儿园向下50米（沙沟泉对面）
铜川,销魂烤鱼,97440603,108.944446,34.900288,108.9397445,34.9013773,http://tc.meituan.com/meishi/c20004b4271/,http://www.meituan.com/meishi/97440603/,4.7,774条评论,人均￥10,耀州区长虹路街道华阳小区西门门面
铜川,小馋猫纸包鱼,162910229,108.93583,34.89298,108.9311501,34.8940901,http://tc.meituan.com/meishi/c20004b4271/,http://www.meituan.com/meishi/162910229/,5,49条评论,人均￥26,耀州区斯明街溪水洋房门面房5号楼109号
铜川,重庆纸包鱼,116821806,108.9422,34.90895,108.9375036,34.9100335,http://tc.meituan.com/meishi/c20004b4271/,http://www.meituan.com/meishi/116821806/,5,118条评论,人均￥20,耀州区咸丰东路供电局对面
铜川,龙记刘二娃,95378258,108.944572,34.90015,108.9398702,34.9012392,http://tc.meituan.com/meishi/c20004b4271/,http://www.meituan.com/meishi/95378258/,5,488条评论,人均￥20,耀州区新区华阳小区西门
铜川,御品皇三汁焖锅（一中店）,6085210,108.927083,34.88377,108.9224213,34.8848999,http://tc.meituan.com/meishi/c20004b4271/,http://www.meituan.com/meishi/6085210/,4.2,1098条评论,人均￥52,耀州区朝阳西路市一中对面
铜川,李想大虾火锅花园,98351632,108.972181,34.915415,108.9673875,34.9164276,http://tc.meituan.com/meishi/c20004b4271/,http://www.meituan.com/meishi/98351632/,4,1627条评论,人均￥48,耀州区耀州路北段6号路西
铜川,2068香辣虾,96903561,108.923115,34.881105,108.91846,34.8822412,http://tc.meituan.com/meishi/c20004b4271/,http://www.meituan.com/meishi/96903561/,4.4,239条评论,人均￥40,耀州区朝阳路龙记学府城公交6路调度室东临B-2
铜川,遇见纸包鱼,152140421,108.95065,34.903028,108.9459308,34.9041032,http://tc.meituan.com/meishi/c20004b4271/,http://www.meituan.com/meishi/152140421/,4.3,27条评论,人均￥25,耀州区新区长丰南路与金鼎路交汇处向西20米（长丰市场北门万豪酒店斜对面）
铜川,辣界王麻辣香锅,157287581,108.952689,34.904685,108.9479636,34.9057544,http://tc.meituan.com/meishi/c20004b4271/,http://www.meituan.com/meishi/157287581/,3.8,20条评论,人均 -,耀州区金鼎路与长丰南路交叉口东北150米
铜川,老重庆纸包鱼,166996080,108.947471,34.905231,108.9427608,34.9063097,http://tc.meituan.com/meishi/c20004b4271/,http://www.meituan.com/meishi/166996080/,3.5,6条评论,人均￥35,耀州区耀州区华原东道
铜川,虾吃虾涮虾火锅,95726306,108.982353,34.916712,108.9775193,34.9176956,http://tc.meituan.com/meishi/c20004b4271/,http://www.meituan.com/meishi/95726306/,4.7,706条评论,人均￥40,耀州区药王路永乐城市广场一楼210国道旁
铜川,鱼火火烤鱼,164429145,108.974817,34.920611,108.9700129,34.921611,http://tc.meituan.com/meishi/c20004b4271/,http://www.meituan.com/meishi/164429145/,4.1,52条评论,人均￥25,耀州区仿古街12号华原路威尼斯快捷酒店斜对面
铜川,渔歌活鱼现烤,155927979,108.948932,34.897197,108.9442183,34.8982818,http://tc.meituan.com/meishi/c20004b4271/,http://www.meituan.com/meishi/155927979/,3.1,6条评论,人均￥50,耀州区正阳路大耀城4F
铜川,重庆烤鱼,169503861,108.941755,34.886125,108.9370616,34.8872341,http://tc.meituan.com/meishi/c20004b4271/,http://www.meituan.com/meishi/169503861/,3,1条评论,人均￥30,耀州区鸿基东路龙城国际街区南门东北60米
铜川,二娃巫山纸包鱼,115558834,108.954785,34.893702,108.950054,34.8947792,http://tc.meituan.com/meishi/c20004b4271/,http://www.meituan.com/meishi/115558834/,3.1,40条评论,人均￥35,耀州区鸿基路秦岭小区南门
铜川,七味源碳烤鱼,169182591,108.946832,34.907998,108.9421234,34.9090748,http://tc.meituan.com/meishi/c20004b4271/,http://www.meituan.com/meishi/169182591/,暂无评,0条评论,人均 -,耀州区金谟路铁诺东门108门
铜川,留下来碳锅鱼火锅（小河沟店）,50463554,109.078305,35.073464,109.0731038,35.0740349,http://tc.meituan.com/meishi/c20004b4272/,http://www.meituan.com/meishi/50463554/,4.5,2818条评论,人均￥29,王益区翠溪路（小河沟里面）2号楼门面房（王益区中心广场）
铜川,天福顺炭烤鱼,111421125,109.061341,35.061911,109.0561827,35.0625198,http://tc.meituan.com/meishi/c20004b4272/,http://www.meituan.com/meishi/111421125/,4.9,51条评论,人均￥33,王益区川口转盘中石油加油站铁道西侧文杰巷美食街3号楼21号
铜川,巫山纸包鱼,177986761,109.059374,35.062806,109.0542214,35.0634175,http://tc.meituan.com/meishi/c20004b4272/,http://www.meituan.com/meishi/177986761/,4.5,22条评论,人均 -,王益区川口金茂大厦进车道旁门面房
铜川,李想大虾火锅花园,93845356,109.073336,35.068066,109.068146,35.068649,http://tc.meituan.com/meishi/c20004b4272/,http://www.meituan.com/meishi/93845356/,3.5,1833条评论,人均￥40,王益区中心广场B座b3-09
铜川,金顶鲜胡羊排香辣虾,174922482,109.057793,35.065458,109.0526449,35.0660697,http://tc.meituan.com/meishi/c20004b4272/,http://www.meituan.com/meishi/174922482/,3.9,26条评论,人均￥40,王益区王家河南路第一幼儿园向南120米路西
铜川,焱鱼新派古道烤鱼,155616624,109.099979,35.107266,109.0947435,35.1077859,http://tc.meituan.com/meishi/c20004b4273/,http://www.meituan.com/meishi/155616624/,5,97条评论,人均 -,印台区济阳路1号中羿首府一楼商铺（城关派出所）
铜川,随心味道,165205910,108.953753,34.893436,108.9490252,34.8945156,http://tc.meituan.com/meishi/c57b4271/,http://www.meituan.com/meishi/165205910/,3,4条评论,人均￥31,耀州区鸿基东路秦岭小区南门
铜川,庆和泡馍馆·清真（新区店）,40949810,108.937354,34.902583,108.9326699,34.9036806,http://tc.meituan.com/meishi/c400b4271/,http://www.meituan.com/meishi/40949810/,4.5,635条评论,人均￥25,耀州区金谟西路同仁医院西50米
铜川,水浒烤肉,175464028,108.951816,34.892542,108.9470942,34.8936264,http://tc.meituan.com/meishi/c400b4271/,http://www.meituan.com/meishi/175464028/,4.7,93条评论,人均￥52,耀州区长虹南路秦岭小区西门向南200米
铜川,蠔韵品质烧烤,159263631,108.954861,34.893667,108.9501297,34.894744,http://tc.meituan.com/meishi/c400b4271/,http://www.meituan.com/meishi/159263631/,3.6,17条评论,人均￥35,耀州区铁诺南路与鸿基东路交叉口西南100米
铜川,90后主题火锅,5669946,108.951177,34.892928,108.9464571,34.8940132,http://tc.meituan.com/meishi/c400b4271/,http://www.meituan.com/meishi/5669946/,5,22条评论,人均￥25,耀州区长虹南路秦岭小区西门13号
铜川,品羊阁,6949111,108.940168,34.895672,108.9354778,34.8967731,http://tc.meituan.com/meishi/c400b4271/,http://www.meituan.com/meishi/6949111/,5,2161条评论,人均￥38,耀州区新区斯正街D-4号（如家酒店东侧）
铜川,碳先生时尚烧烤餐厅,164786051,108.925009,34.882984,108.9203509,34.8841166,http://tc.meituan.com/meishi/c400b4271/,http://www.meituan.com/meishi/164786051/,3,63条评论,人均￥35,耀州区朝阳路龙记·学府城门面房
铜川,小唐烤牛肉,158852291,108.969665,34.895688,108.9648826,34.8967287,http://tc.meituan.com/meishi/c400b4271/,http://www.meituan.com/meishi/158852291/,暂无评,0条评论,人均￥40,耀州区东环路丁沟村口内18米
铜川,大掌柜羊肉庄,159859674,109.104053,35.084793,109.0988165,35.0853372,http://tc.meituan.com/meishi/c400b4272/,http://www.meituan.com/meishi/159859674/,3,2条评论,人均￥38,王益区重兴南路与青年路十字向南100米（君诚宾馆南隔壁）
铜川,蜀国传情,169423902,109.090191,35.073564,109.0849695,35.0741245,http://tc.meituan.com/meishi/c400b4272/,http://www.meituan.com/meishi/169423902/,暂无评,1条评论,人均￥25,王益区玉华路12号玉华小区南起30号
铜川,吴振炒菜馆,52521818,109.078112,35.073492,109.0729112,35.0740631,http://tc.meituan.com/meishi/c400b4272/,http://www.meituan.com/meishi/52521818/,3,5条评论,人均￥31,王益区小河沟翠溪路4号楼门面房113号
铜川,庆和泡馍馆·清真（新区店）,40949810,108.937354,34.902583,108.9326699,34.9036806,http://tc.meituan.com/meishi/c58b4271/,http://www.meituan.com/meishi/40949810/,4.5,635条评论,人均￥25,耀州区金谟西路同仁医院西50米
铜川,景阳辣子王大盘鸡,4848673,108.974002,34.906926,108.9692022,34.9079432,http://tc.meituan.com/meishi/c58b4271/,http://www.meituan.com/meishi/4848673/,5,147条评论,人均￥25,耀州区锦阳路什字南段向南50米路西
铜川,左家泡馍馆,41439881,108.974053,34.916446,108.9692522,34.9174526,http://tc.meituan.com/meishi/c58b4271/,http://www.meituan.com/meishi/41439881/,5,152条评论,人均￥25,耀州区天宝路电信局旁巷子北100米路西
铜川,金涛陕南私房菜（新区店）,68079954,108.943845,34.907401,108.9391445,34.9084835,http://tc.meituan.com/meishi/c58b4271/,http://www.meituan.com/meishi/68079954/,4.1,130条评论,人均￥35,耀州区金谟路中国银行隔壁
铜川,印象耀州饭庄,4347516,108.973054,34.911338,108.9682575,34.9123528,http://tc.meituan.com/meishi/c58b4271/,http://www.meituan.com/meishi/4347516/,4.1,376条评论,人均￥31,耀州区锦阳路70号（近湘味居）
铜川,半亩地私房菜,96521423,108.948656,34.895069,108.9439433,34.8961566,http://tc.meituan.com/meishi/c58b4271/,http://www.meituan.com/meishi/96521423/,4,9条评论,人均￥17,耀州区长虹南路阳光东门向北50米
铜川,老狼大盘鸡,90771852,108.974867,34.920528,108.9700627,34.921528,http://tc.meituan.com/meishi/c58b4271/,http://www.meituan.com/meishi/90771852/,3.8,47条评论,人均￥20,耀州区华原路11号（仿古街）
铜川,正阳国际酒店中餐厅,6670296,108.952454,34.899672,108.9477297,34.9007474,http://tc.meituan.com/meishi/c58b4271/,http://www.meituan.com/meishi/6670296/,3.5,3条评论,人均￥60,耀州区正阳路16号
铜川,照金宾馆中餐厅,160577868,108.635561,35.05906,108.6310202,35.0599888,http://tc.meituan.com/meishi/c58b4271/,http://www.meituan.com/meishi/160577868/,3.5,6条评论,人均￥45,耀州区旬耀路照金红色旅游名镇北段照金医院对面
铜川,丽景食府,40539227,108.64044,35.05543,108.63589,35.0563563,http://tc.meituan.com/meishi/c58b4271/,http://www.meituan.com/meishi/40539227/,3,2条评论,人均￥17,耀州区照金镇商业街3-03号
铜川,品羊阁,6949111,108.940168,34.895672,108.9354778,34.8967731,http://tc.meituan.com/meishi/c58b4271/,http://www.meituan.com/meishi/6949111/,5,2161条评论,人均￥38,耀州区新区斯正街D-4号（如家酒店东侧）
铜川,东林鱼庄,52744714,108.995604,34.913823,108.990715,34.9147712,http://tc.meituan.com/meishi/c58b4271/,http://www.meituan.com/meishi/52744714/,暂无评,0条评论,人均￥25,耀州区药王大道水泥厂十字向东300米
铜川,众来兴酒楼,4101445,108.98183,34.91128,108.9769989,34.9122711,http://tc.meituan.com/meishi/c58b4271/,http://www.meituan.com/meishi/4101445/,暂无评,0条评论,人均 -,耀州区解放巷28号
铜川,金涛陕南私房菜（老区店）,5878710,109.060612,35.060632,109.0554559,35.0612436,http://tc.meituan.com/meishi/c58b4272/,http://www.meituan.com/meishi/5878710/,4.6,669条评论,人均￥50,王益区川口路铜川矿务局中心医院对面院内（近万源宾馆，农行隔壁）
铜川,左家饭庄,5291011,109.064794,35.062297,109.059626,35.0628993,http://tc.meituan.com/meishi/c58b4272/,http://www.meituan.com/meishi/5291011/,3.9,736条评论,人均￥20,王益区红旗街川口吉福大酒店隔壁
铜川,老马家饭庄,2285575,109.072773,35.066732,109.0675845,35.0673172,http://tc.meituan.com/meishi/c58b4272/,http://www.meituan.com/meishi/2285575/,4.3,1090条评论,人均￥24,王益区红旗街皇家7号KTV隔壁（原百货大厦四楼）
铜川,庆和牛羊肉泡馍,40737857,109.094204,35.074907,109.0889773,35.075464,http://tc.meituan.com/meishi/c58b4272/,http://www.meituan.com/meishi/40737857/,3.9,384条评论,人均 -,王益区大同桥新世纪酒店河提旁边
铜川,陕西马东海泡馍馆（老区店）,42739063,109.095446,35.074905,109.0902179,35.0754616,http://tc.meituan.com/meishi/c58b4272/,http://www.meituan.com/meishi/42739063/,3.9,339条评论,人均￥25,王益区大同路4号盐业公司旁
铜川,大掌柜羊肉庄,159859674,109.104053,35.084793,109.0988165,35.0853372,http://tc.meituan.com/meishi/c58b4272/,http://www.meituan.com/meishi/159859674/,3,2条评论,人均￥38,王益区重兴南路与青年路十字向南100米（君诚宾馆南隔壁）
铜川,炉山陶庄饭店,5443471,109.158929,35.022579,109.1537308,35.0232481,http://tc.meituan.com/meishi/c58b4273/,http://www.meituan.com/meishi/5443471/,3.5,4条评论,人均￥20,印台区陈炉镇幼儿园向下50米（沙沟泉对面）
铜川,九龙食府驴肉馆,165841158,109.101841,35.11015,109.0966038,35.1106666,http://tc.meituan.com/meishi/c58b4273/,http://www.meituan.com/meishi/165841158/,暂无评,0条评论,人均￥30,印台区同关路美食街16号门面房
铜川,缤乐荟咖啡体验餐厅,115238229,108.94399,34.893929,108.9392902,34.895026,http://tc.meituan.com/meishi/c41b4271/,http://www.meituan.com/meishi/115238229/,4.5,70条评论,人均￥56,耀州区正阳路阳光广场戏台西侧中央公元销售部三楼
铜川,上岛咖啡（新区店）,5074893,108.947864,34.895811,108.9431535,34.8968992,http://tc.meituan.com/meishi/c41b4271/,http://www.meituan.com/meishi/5074893/,3.4,2403条评论,人均￥35,耀州区正阳路阳光大厦2楼
铜川,上岛咖啡利群店（利群店）,42019362,109.073314,35.07057,109.0681239,35.0711503,http://tc.meituan.com/meishi/c41b4272/,http://www.meituan.com/meishi/42019362/,4.5,702条评论,人均￥43,王益区育才路利群新城小区4号楼三层
铜川,上岛咖啡利群店（利群店）,42019362,109.073314,35.07057,109.0681239,35.0711503,http://tc.meituan.com/meishi/c41b4272/,http://www.meituan.com/meishi/42019362/,4.5,702条评论,人均￥43,王益区育才路利群新城小区4号楼三层
铜川,京府烤鸭,164319001,109.07951,35.069922,109.0743067,35.0704955,http://tc.meituan.com/meishi/c59b4272/,http://www.meituan.com/meishi/164319001/,3.4,15条评论,人均￥35,王益区210国道体育场旁
铜川,铜川麻辣小龙虾海鲜私房菜,41234637,109.097433,35.081168,109.0922022,35.081717,http://tc.meituan.com/meishi/c63b4272/,http://www.meituan.com/meishi/41234637/,4.9,246条评论,人均￥35,王益区五一路铜华小区门面房（天然气交费旁）
铜川,上岛咖啡（新区店）,5074893,108.947864,34.895811,108.9431535,34.8968992,http://tc.meituan.com/meishi/c228b4271/,http://www.meituan.com/meishi/5074893/,3.4,2406条评论,人均￥35,耀州区正阳路阳光大厦2楼
铜川,小茉家亲子主题餐厅,164189620,109.073668,35.067514,109.0684773,35.0680972,http://tc.meituan.com/meishi/c228b4272/,http://www.meituan.com/meishi/164189620/,3.5,2条评论,人均￥32,王益区中心广场B3
铜川,朱老三肉丸糊辣汤,93119520,108.956694,34.904422,108.951956,34.9054835,http://tc.meituan.com/meishi/c229b4271/,http://www.meituan.com/meishi/93119520/,5,237条评论,人均￥8,耀州区金鼎路布尔玛国际酒店斜对面
铜川,邢老三肉丸糊辣汤,4349885,108.973177,34.910726,108.9683801,34.9117412,http://tc.meituan.com/meishi/c229b4271/,http://www.meituan.com/meishi/4349885/,3.7,91条评论,人均￥6,耀州区锦阳路与学古路交叉口西南角（原渔公渔婆隔壁）
铜川,爱客粥坊,42484559,109.072193,35.067705,109.0670057,35.06829,http://tc.meituan.com/meishi/c229b4272/,http://www.meituan.com/meishi/42484559/,4.7,1751条评论,人均￥10,王益区中心广场后门出口一层
铜川,景阳辣子王大盘鸡,4848673,108.974002,34.906926,108.9692022,34.9079432,http://tc.meituan.com/meishi/c233b4271/,http://www.meituan.com/meishi/4848673/,5,147条评论,人均￥25,耀州区锦阳路什字南段向南50米路西
铜川,金涛陕南私房菜（新区店）,68079954,108.943845,34.907401,108.9391445,34.9084835,http://tc.meituan.com/meishi/c24b4271/,http://www.meituan.com/meishi/68079954/,4.1,130条评论,人均￥35,耀州区金谟路中国银行隔壁
铜川,半亩地私房菜,96521423,108.948656,34.895069,108.9439433,34.8961566,http://tc.meituan.com/meishi/c24b4271/,http://www.meituan.com/meishi/96521423/,4,9条评论,人均￥17,耀州区长虹南路阳光东门向北50米
铜川,心甜栗业（新区店）,42125868,108.940209,34.895535,108.9355187,34.8966362,http://tc.meituan.com/meishi/c24b4271/,http://www.meituan.com/meishi/42125868/,4.1,281条评论,人均￥13,耀州区斯正街枫林小区南门（马记香酥肉夹馍隔壁）
铜川,众来兴酒楼,4101445,108.98183,34.91128,108.9769989,34.9122711,http://tc.meituan.com/meishi/c24b4271/,http://www.meituan.com/meishi/4101445/,暂无评,0条评论,人均 -,耀州区解放巷28号
铜川,陈炉印象,159543533,109.074214,35.064072,109.0690224,35.0646582,http://tc.meituan.com/meishi/c24b4272/,http://www.meituan.com/meishi/159543533/,5,85条评论,人均￥26,王益区光明东巷集贤堤桃园办事处向南200米
铜川,铜川麻辣小龙虾海鲜私房菜,41234637,109.097433,35.081168,109.0922022,35.081717,http://tc.meituan.com/meishi/c24b4272/,http://www.meituan.com/meishi/41234637/,4.9,246条评论,人均￥35,王益区五一路铜华小区门面房（天然气交费旁）
铜川,金涛陕南私房菜（老区店）,5878710,109.060612,35.060632,109.0554559,35.0612436,http://tc.meituan.com/meishi/c24b4272/,http://www.meituan.com/meishi/5878710/,4.6,669条评论,人均￥50,王益区川口路铜川矿务局中心医院对面院内（近万源宾馆，农行隔壁）
铜川,老马家饭庄,2285575,109.072773,35.066732,109.0675845,35.0673172,http://tc.meituan.com/meishi/c24b4272/,http://www.meituan.com/meishi/2285575/,4.3,1090条评论,人均￥24,王益区红旗街皇家7号KTV隔壁（原百货大厦四楼）
铜川,柴火山庄,41958534,109.038307,35.105453,109.0332226,35.1060654,http://tc.meituan.com/meishi/c24b4272/,http://www.meituan.com/meishi/41958534/,4.1,21条评论,人均￥30,王益区王家河5路车超林山庄站桥对面
铜川,农香居农家乐,165703237,108.948688,35.341279,108.9439378,35.3418964,http://tc.meituan.com/meishi/c24b4273/,http://www.meituan.com/meishi/165703237/,暂无评,0条评论,人均 -,印台区玉华公路玉华宫景区东门内左手100米
铜川,九龙食府驴肉馆,165841158,109.101841,35.11015,109.0966038,35.1106666,http://tc.meituan.com/meishi/c24b4273/,http://www.meituan.com/meishi/165841158/,暂无评,0条评论,人均￥30,印台区同关路美食街16号门面房
